femalestar,malestar,femalerasi,malerasi,motha porutham,target
aswini,aswini,maesam,mesam,4,0
aswini,bharani,maesam,mesam,6,0
aswini,karthigai 1 padham,maesam,mesam,3,0
aswini,karthigai 2 3 4 padham,maesam,rishabam,4,0
aswini,rohini,maesam,rishabam,3,0
aswini,mirugasirisham 1 2 padham,maesam,rishabam,6,0
aswini,mirugasirisham 3 4 padham,maesam,mithunam,7,1
aswini,thiruvadhirai,maesam,mithunam,6,0
aswini,poonarpusham 1 2 3 padham,maesam,mithunam,0,0
aswini,poonarpusham 4 padham,maesam,kadagam,0,0
aswini,poosam,maesam,kadagam,6,0
aswini,ayilyam,maesam,kadagam,5,0
aswini,magam,maesam,simmam,4,0
aswini,pooram,maesam,simmam,6,0
aswini,uthiram 1 padham,maesam,simmam,5,0
aswini,uthiram 2 3 4 padham,maesam,kanni,7,1
aswini,astham,maesam,kanni,6,0
aswini,chithirai 1 2padham,maesam,kanni,6,0
aswini,chithirai 3 4 padham,maesam,thualam,6,0
aswini,swathi,maesam,thualam,6,0
aswini,visagam 1 2 3 padham,maesam,thualam,0,0
aswini,visagam 4 padham,maesam,viruchagam,0,0
aswini,anusam,maesam,viruchagam,7,1
aswini,kettai,maesam,viruchagam,7,1
aswini,moolam,maesam,dhanush,6,0
aswini,pooradam,maesam,dhanush,7,1
aswini,uthiradam 1 padham,maesam,dhanush,6,0
aswini,uthiradam 2 3 4 padham,maesam,magaram,8,1
aswini,thiruvonam,maesam,magaram,6,0
aswini,avitam 1 2 padham,maesam,magaram,7,1
aswini,avitam 3 4 padam,maesam,kumbam,8,1
aswini,sathayam,maesam,kumbam,7,1
aswini,pooratadhi 1 2 3 padham,maesam,kumbam,0,0
aswini,pooratadhi 4 padham,maesam,meenam,0,0
aswini,uthiraithadhi,maesam,meenam,7,1
aswini,revathi,maesam,meenam,5,0
bharani,aswini,maesam,mesam,5,0
bharani,bharani,maesam,mesam,7,1
bharani,karthigai 1 padham,maesam,mesam,4,0
bharani,karthigai 2 3 4 padham,maesam,rishabam,3,0
bharani,rohini,maesam,rishabam,4,0
bharani,mirugasirisham 1 2 padham,maesam,rishabam,5,0
bharani,mirugasirisham 3 4 padham,maesam,mithunam,6,0
bharani,thiruvadhirai,maesam,mithunam,0,0
bharani,poonarpusham 1 2 3 padham,maesam,mithunam,6,0
bharani,poonarpusham 4 padham,maesam,kadagam,6,0
bharani,poosam,maesam,kadagam,0,0
bharani,ayilyam,maesam,kadagam,6,0
bharani,magam,maesam,simmam,5,0
bharani,pooram,maesam,simmam,4,0
bharani,uthiram 1 padham,maesam,simmam,7,1
bharani,uthiram 2 3 4 padham,maesam,kanni,6,0
bharani,astham,maesam,kanni,6,0
bharani,chithirai 1 2padham,maesam,kanni,6,0
bharani,chithirai 3 4 padham,maesam,thualam,6,0
bharani,swathi,maesam,thualam,0,0
bharani,visagam 1 2 3 padham,maesam,thualam,8,1
bharani,visagam 4 padham,maesam,viruchagam,8,1
bharani,anusam,maesam,viruchagam,0,0
bharani,kettai,maesam,viruchagam,8,1
bharani,moolam,maesam,dhanush,7,1
bharani,pooradam,maesam,dhanush,5,0
bharani,uthiradam 1 padham,maesam,dhanush,8,1
bharani,uthiradam 2 3 4 padham,maesam,magaram,7,1
bharani,thiruvonam,maesam,magaram,7,1
bharani,avitam 1 2 padham,maesam,magaram,7,1
bharani,avitam 3 4 padam,maesam,kumbam,7,1
bharani,sathayam,maesam,kumbam,0,0
bharani,pooratadhi 1 2 3 padham,maesam,kumbam,8,1
bharani,pooratadhi 4 padham,maesam,meenam,8,1
bharani,uthiraithadhi,maesam,meenam,0,0
bharani,revathi,maesam,meenam,6,0
karthigai 1 padham,aswini,maesam,mesam,6,0
karthigai 1 padham,bharani,maesam,mesam,5,0
karthigai 1 padham,karthigai 1 padham,maesam,mesam,7,1
karthigai 1 padham,karthigai 2 3 4 padham,maesam,rishabam,6,0
karthigai 1 padham,rohini,maesam,rishabam,3,0
karthigai 1 padham,mirugasirisham 1 2 padham,maesam,rishabam,0,0
karthigai 1 padham,mirugasirisham 3 4 padham,maesam,mithunam,0,0
karthigai 1 padham,thiruvadhirai,maesam,mithunam,6,0
karthigai 1 padham,poonarpusham 1 2 3 padham,maesam,mithunam,7,1
karthigai 1 padham,poonarpusham 4 padham,maesam,kadagam,7,1
karthigai 1 padham,poosam,maesam,kadagam,7,1
karthigai 1 padham,ayilyam,maesam,kadagam,0,0
karthigai 1 padham,magam,maesam,simmam,0,0
karthigai 1 padham,pooram,maesam,simmam,6,0
karthigai 1 padham,uthiram 1 padham,maesam,simmam,5,0
karthigai 1 padham,uthiram 2 3 4 padham,maesam,kanni,8,1
karthigai 1 padham,astham,maesam,kanni,6,0
karthigai 1 padham,chithirai 1 2padham,maesam,kanni,0,0
karthigai 1 padham,chithirai 3 4 padham,maesam,thualam,0,0
karthigai 1 padham,swathi,maesam,thualam,7,1
karthigai 1 padham,visagam 1 2 3 padham,maesam,thualam,7,1
karthigai 1 padham,visagam 4 padham,maesam,viruchagam,8,1
karthigai 1 padham,anusam,maesam,viruchagam,8,1
karthigai 1 padham,kettai,maesam,viruchagam,0,0
karthigai 1 padham,moolam,maesam,dhanush,0,0
karthigai 1 padham,pooradam,maesam,dhanush,8,1
karthigai 1 padham,uthiradam 1 padham,maesam,dhanush,6,0
karthigai 1 padham,uthiradam 2 3 4 padham,maesam,magaram,9,1
karthigai 1 padham,thiruvonam,maesam,magaram,7,1
karthigai 1 padham,avitam 1 2 padham,maesam,magaram,0,0
karthigai 1 padham,avitam 3 4 padam,maesam,kumbam,0,0
karthigai 1 padham,sathayam,maesam,kumbam,8,1
karthigai 1 padham,pooratadhi 1 2 3 padham,maesam,kumbam,8,1
karthigai 1 padham,pooratadhi 4 padham,maesam,meenam,7,1
karthigai 1 padham,uthiraithadhi,maesam,meenam,7,1
karthigai 1 padham,revathi,maesam,meenam,0,0
karthigai 2 3 4 padham,aswini,rishabam,mesam,0,0
karthigai 2 3 4 padham,bharani,rishabam,mesam,7,1
karthigai 2 3 4 padham,karthigai 1 padham,rishabam,mesam,5,0
karthigai 2 3 4 padham,karthigai 2 3 4 padham,rishabam,rishabam,7,1
karthigai 2 3 4 padham,rohini,rishabam,rishabam,4,0
karthigai 2 3 4 padham,mirugasirisham 1 2 padham,rishabam,rishabam,0,0
karthigai 2 3 4 padham,mirugasirisham 3 4 padham,rishabam,mithunam,0,0
karthigai 2 3 4 padham,thiruvadhirai,rishabam,mithunam,5,0
karthigai 2 3 4 padham,poonarpusham 1 2 3 padham,rishabam,mithunam,6,0
karthigai 2 3 4 padham,poonarpusham 4 padham,rishabam,kadagam,6,0
karthigai 2 3 4 padham,poosam,rishabam,kadagam,6,0
karthigai 2 3 4 padham,ayilyam,rishabam,kadagam,0,0
karthigai 2 3 4 padham,magam,rishabam,simmam,0,0
karthigai 2 3 4 padham,pooram,rishabam,simmam,7,1
karthigai 2 3 4 padham,uthiram 1 padham,rishabam,simmam,6,0
karthigai 2 3 4 padham,uthiram 2 3 4 padham,rishabam,kanni,8,1
karthigai 2 3 4 padham,astham,rishabam,kanni,6,0
karthigai 2 3 4 padham,chithirai 1 2padham,rishabam,kanni,0,0
karthigai 2 3 4 padham,chithirai 3 4 padham,rishabam,thualam,0,0
karthigai 2 3 4 padham,swathi,rishabam,thualam,7,1
karthigai 2 3 4 padham,visagam 1 2 3 padham,rishabam,thualam,7,1
karthigai 2 3 4 padham,visagam 4 padham,rishabam,viruchagam,6,0
karthigai 2 3 4 padham,anusam,rishabam,viruchagam,6,0
karthigai 2 3 4 padham,kettai,rishabam,viruchagam,0,0
karthigai 2 3 4 padham,moolam,rishabam,dhanush,0,0
karthigai 2 3 4 padham,pooradam,rishabam,dhanush,8,1
karthigai 2 3 4 padham,uthiradam 1 padham,rishabam,dhanush,7,1
karthigai 2 3 4 padham,uthiradam 2 3 4 padham,rishabam,magaram,9,1
karthigai 2 3 4 padham,thiruvonam,rishabam,magaram,7,1
karthigai 2 3 4 padham,avitam 1 2 padham,rishabam,magaram,0,0
karthigai 2 3 4 padham,avitam 3 4 padam,rishabam,kumbam,0,0
karthigai 2 3 4 padham,sathayam,rishabam,kumbam,9,1
karthigai 2 3 4 padham,pooratadhi 1 2 3 padham,rishabam,kumbam,9,1
karthigai 2 3 4 padham,pooratadhi 4 padham,rishabam,meenam,8,1
karthigai 2 3 4 padham,uthiraithadhi,rishabam,meenam,8,1
karthigai 2 3 4 padham,revathi,rishabam,meenam,0,0
rohini,aswini,rishabam,mesam,0,0
rohini,bharani,rishabam,mesam,7,1
rohini,karthigai 1 padham,rishabam,mesam,5,0
rohini,karthigai 2 3 4 padham,rishabam,rishabam,5,0
rohini,rohini,rishabam,rishabam,0,0
rohini,mirugasirisham 1 2 padham,rishabam,rishabam,5,0
rohini,mirugasirisham 3 4 padham,rishabam,mithunam,4,0
rohini,thiruvadhirai,rishabam,mithunam,5,0
rohini,poonarpusham 1 2 3 padham,rishabam,mithunam,5,0
rohini,poonarpusham 4 padham,rishabam,kadagam,5,0
rohini,poosam,rishabam,kadagam,6,0
rohini,ayilyam,rishabam,kadagam,6,0
rohini,magam,rishabam,simmam,7,1
rohini,pooram,rishabam,simmam,0,0
rohini,uthiram 1 padham,rishabam,simmam,7,1
rohini,uthiram 2 3 4 padham,rishabam,kanni,6,0
rohini,astham,rishabam,kanni,0,0
rohini,chithirai 1 2padham,rishabam,kanni,6,0
rohini,chithirai 3 4 padham,rishabam,thualam,6,0
rohini,swathi,rishabam,thualam,7,1
rohini,visagam 1 2 3 padham,rishabam,thualam,6,0
rohini,visagam 4 padham,rishabam,viruchagam,5,0
rohini,anusam,rishabam,viruchagam,6,0
rohini,kettai,rishabam,viruchagam,5,0
rohini,moolam,rishabam,dhanush,7,1
rohini,pooradam,rishabam,dhanush,0,0
rohini,uthiradam 1 padham,rishabam,dhanush,8,1
rohini,uthiradam 2 3 4 padham,rishabam,magaram,7,1
rohini,thiruvonam,rishabam,magaram,0,0
rohini,avitam 1 2 padham,rishabam,magaram,7,1
rohini,avitam 3 4 padam,rishabam,kumbam,8,1
rohini,sathayam,rishabam,kumbam,9,1
rohini,pooratadhi 1 2 3 padham,rishabam,kumbam,9,1
rohini,pooratadhi 4 padham,rishabam,meenam,8,1
rohini,uthiraithadhi,rishabam,meenam,8,1
rohini,revathi,rishabam,meenam,8,1
mirugasirisam 1 2 padham,aswini,rishabam,mesam,8,1
mirugasirisam 1 2 padham,bharani,rishabam,mesam,0,0
mirugasirisam 1 2 padham,karthigai 1 padham,rishabam,mesam,7,1
mirugasirisam 1 2 padham,karthigai 2 3 4 padham,rishabam,rishabam,0,0
mirugasirisam 1 2 padham,rohini,rishabam,rishabam,5,0
mirugasirisam 1 2 padham,mirugasirisham 1 2 padham,rishabam,rishabam,7,1
mirugasirisam 1 2 padham,mirugasirisham 3 4 padham,rishabam,mithunam,6,0
mirugasirisam 1 2 padham,thiruvadhirai,rishabam,mithunam,4,0
mirugasirisam 1 2 padham,poonarpusham 1 2 3 padham,rishabam,mithunam,5,0
mirugasirisam 1 2 padham,poonarpusham 4 padham,rishabam,kadagam,5,0
mirugasirisam 1 2 padham,poosam,rishabam,kadagam,5,0
mirugasirisam 1 2 padham,ayilyam,rishabam,kadagam,6,0
mirugasirisam 1 2 padham,magam,rishabam,simmam,7,1
mirugasirisam 1 2 padham,pooram,rishabam,simmam,7,1
mirugasirisam 1 2 padham,uthiram 1 padham,rishabam,simmam,0,0
mirugasirisam 1 2 padham,uthiram 2 3 4 padham,rishabam,kanni,0,0
mirugasirisam 1 2 padham,astham,rishabam,kanni,6,0
mirugasirisam 1 2 padham,chithirai 1 2padham,rishabam,kanni,8,1
mirugasirisam 1 2 padham,chithirai 3 4 padham,rishabam,thualam,8,1
mirugasirisam 1 2 padham,swathi,rishabam,thualam,6,0
mirugasirisam 1 2 padham,visagam 1 2 3 padham,rishabam,thualam,7,1
mirugasirisam 1 2 padham,visagam 4 padham,rishabam,viruchagam,6,0
mirugasirisam 1 2 padham,anusam,rishabam,viruchagam,6,0
mirugasirisam 1 2 padham,kettai,rishabam,viruchagam,6,0
mirugasirisam 1 2 padham,moolam,rishabam,dhanush,8,1
mirugasirisam 1 2 padham,pooradam,rishabam,dhanush,8,1
mirugasirisam 1 2 padham,uthiradam 1 padham,rishabam,dhanush,0,0
mirugasirisam 1 2 padham,uthiradam 2 3 4 padham,rishabam,magaram,0,0
mirugasirisam 1 2 padham,thiruvonam,rishabam,magaram,7,1
mirugasirisam 1 2 padham,avitam 1 2 padham,rishabam,magaram,9,1
mirugasirisam 1 2 padham,avitam 3 4 padam,rishabam,kumbam,10,1
mirugasirisam 1 2 padham,sathayam,rishabam,kumbam,8,1
mirugasirisam 1 2 padham,pooratadhi 1 2 3 padham,rishabam,kumbam,8,1
mirugasirisam 1 2 padham,pooratadhi 4 padham,rishabam,meenam,7,1
mirugasirisam 1 2 padham,uthiraithadhi,rishabam,meenam,8,1
mirugasirisam 1 2 padham,revathi,rishabam,meenam,7,1
mirugasirisham 3 4 padham,aswini,mithunam,mesam,7,1
mirugasirisham 3 4 padham,bharani,mithunam,mesam,8,1
mirugasirisham 3 4 padham,karthigai 1 padham,mithunam,mesam,0,0
mirugasirisham 3 4 padham,karthigai 2 3 4 padham,mithunam,rishabam,#REF!,1
mirugasirisham 3 4 padham,rohini,mithunam,rishabam,#REF!,1
mirugasirisham 3 4 padham,mirugasirisham 1 2 padham,mithunam,rishabam,#REF!,0
mirugasirisham 3 4 padham,mirugasirisham 3 4 padham,mithunam,mithunam,#REF!,0
mirugasirisham 3 4 padham,thiruvadhirai,mithunam,mithunam,#REF!,1
mirugasirisham 3 4 padham,poonarpusham 1 2 3 padham,mithunam,mithunam,#REF!,0
mirugasirisham 3 4 padham,poonarpusham 4 padham,mithunam,kadagam,#REF!,0
mirugasirisham 3 4 padham,poosam,mithunam,kadagam,#REF!,0
mirugasirisham 3 4 padham,ayilyam,mithunam,kadagam,#REF!,0
mirugasirisham 3 4 padham,magam,mithunam,simmam,#REF!,0
mirugasirisham 3 4 padham,pooram,mithunam,simmam,#REF!,0
mirugasirisham 3 4 padham,uthiram 1 padham,mithunam,simmam,#REF!,1
mirugasirisham 3 4 padham,uthiram 2 3 4 padham,mithunam,kanni,#REF!,1
mirugasirisham 3 4 padham,astham,mithunam,kanni,#REF!,1
mirugasirisham 3 4 padham,chithirai 1 2padham,mithunam,kanni,#REF!,0
mirugasirisham 3 4 padham,chithirai 3 4 padham,mithunam,thualam,#REF!,0
mirugasirisham 3 4 padham,swathi,mithunam,thualam,#REF!,1
mirugasirisham 3 4 padham,visagam 1 2 3 padham,mithunam,thualam,#REF!,0
mirugasirisham 3 4 padham,visagam 4 padham,mithunam,viruchagam,#REF!,0
mirugasirisham 3 4 padham,anusam,mithunam,viruchagam,#REF!,1
mirugasirisham 3 4 padham,kettai,mithunam,viruchagam,#REF!,0
mirugasirisham 3 4 padham,moolam,mithunam,dhanush,#REF!,1
mirugasirisham 3 4 padham,pooradam,mithunam,dhanush,#REF!,1
mirugasirisham 3 4 padham,uthiradam 1 padham,mithunam,dhanush,#REF!,1
mirugasirisham 3 4 padham,uthiradam 2 3 4 padham,mithunam,magaram,#REF!,1
mirugasirisham 3 4 padham,thiruvonam,mithunam,magaram,#REF!,1
mirugasirisham 3 4 padham,avitam 1 2 padham,mithunam,magaram,#REF!,0
mirugasirisham 3 4 padham,avitam 3 4 padam,mithunam,kumbam,#REF!,0
mirugasirisham 3 4 padham,sathayam,mithunam,kumbam,#REF!,1
mirugasirisham 3 4 padham,pooratadhi 1 2 3 padham,mithunam,kumbam,#REF!,1
mirugasirisham 3 4 padham,pooratadhi 4 padham,mithunam,meenam,#REF!,1
mirugasirisham 3 4 padham,uthiraithadhi,mithunam,meenam,#REF!,1
mirugasirisham 3 4 padham,revathi,mithunam,meenam,#REF!,1
thiruvadhirai,aswini,mithunam,mesam,#REF!,1
thiruvadhirai,bharani,mithunam,mesam,#REF!,1
thiruvadhirai,karthigai 1 padham,mithunam,mesam,#REF!,1
thiruvadhirai,karthigai 2 3 4 padham,mithunam,rishabam,#REF!,1
thiruvadhirai,rohini,mithunam,rishabam,#REF!,0
thiruvadhirai,mirugasirisham 1 2 padham,mithunam,rishabam,#REF!,1
thiruvadhirai,mirugasirisham 3 4 padham,mithunam,mithunam,#REF!,1
thiruvadhirai,thiruvadhirai,mithunam,mithunam,#REF!,0
thiruvadhirai,poonarpusham 1 2 3 padham,mithunam,mithunam,#REF!,0
thiruvadhirai,poonarpusham 4 padham,mithunam,kadagam,#REF!,0
thiruvadhirai,poosam,mithunam,kadagam,#REF!,0
thiruvadhirai,ayilyam,mithunam,kadagam,#REF!,0
thiruvadhirai,magam,mithunam,simmam,#REF!,0
thiruvadhirai,pooram,mithunam,simmam,#REF!,0
thiruvadhirai,uthiram 1 padham,mithunam,simmam,#REF!,0
thiruvadhirai,uthiram 2 3 4 padham,mithunam,kanni,#REF!,1
thiruvadhirai,astham,mithunam,kanni,#REF!,0
thiruvadhirai,chithirai 1 2padham,mithunam,kanni,#REF!,1
thiruvadhirai,chithirai 3 4 padham,mithunam,thualam,#REF!,1
thiruvadhirai,swathi,mithunam,thualam,#REF!,0
thiruvadhirai,visagam 1 2 3 padham,mithunam,thualam,#REF!,1
thiruvadhirai,visagam 4 padham,mithunam,viruchagam,#REF!,1
thiruvadhirai,anusam,mithunam,viruchagam,#REF!,0
thiruvadhirai,kettai,mithunam,viruchagam,#REF!,1
thiruvadhirai,moolam,mithunam,dhanush,#REF!,1
thiruvadhirai,pooradam,mithunam,dhanush,#REF!,1
thiruvadhirai,uthiradam 1 padham,mithunam,dhanush,#REF!,1
thiruvadhirai,uthiradam 2 3 4 padham,mithunam,magaram,#REF!,1
thiruvadhirai,thiruvonam,mithunam,magaram,#REF!,0
thiruvadhirai,avitam 1 2 padham,mithunam,magaram,#REF!,1
thiruvadhirai,avitam 3 4 padam,mithunam,kumbam,#REF!,1
thiruvadhirai,sathayam,mithunam,kumbam,#REF!,0
thiruvadhirai,pooratadhi 1 2 3 padham,mithunam,kumbam,#REF!,1
thiruvadhirai,pooratadhi 4 padham,mithunam,meenam,#REF!,1
thiruvadhirai,uthiraithadhi,mithunam,meenam,#REF!,1
thiruvadhirai,revathi,mithunam,meenam,#REF!,1
poonarpusham 1 2 3 padham,aswini,mithunam,mesam,#REF!,1
poonarpusham 1 2 3 padham,bharani,mithunam,mesam,#REF!,1
poonarpusham 1 2 3 padham,karthigai 1 padham,mithunam,mesam,#REF!,0
poonarpusham 1 2 3 padham,karthigai 2 3 4 padham,mithunam,rishabam,#REF!,0
poonarpusham 1 2 3 padham,rohini,mithunam,rishabam,#REF!,1
poonarpusham 1 2 3 padham,mirugasirisham 1 2 padham,mithunam,rishabam,#REF!,1
poonarpusham 1 2 3 padham,mirugasirisham 3 4 padham,mithunam,mithunam,#REF!,1
poonarpusham 1 2 3 padham,thiruvadhirai,mithunam,mithunam,#REF!,1
poonarpusham 1 2 3 padham,poonarpusham 1 2 3 padham,mithunam,mithunam,#REF!,0
poonarpusham 1 2 3 padham,poonarpusham 4 padham,mithunam,kadagam,#REF!,0
poonarpusham 1 2 3 padham,poosam,mithunam,kadagam,#REF!,0
poonarpusham 1 2 3 padham,ayilyam,mithunam,kadagam,#REF!,0
poonarpusham 1 2 3 padham,magam,mithunam,simmam,#REF!,0
poonarpusham 1 2 3 padham,pooram,mithunam,simmam,#REF!,0
poonarpusham 1 2 3 padham,uthiram 1 padham,mithunam,simmam,#REF!,0
poonarpusham 1 2 3 padham,uthiram 2 3 4 padham,mithunam,kanni,#REF!,0
poonarpusham 1 2 3 padham,astham,mithunam,kanni,#REF!,1
poonarpusham 1 2 3 padham,chithirai 1 2padham,mithunam,kanni,#REF!,1
poonarpusham 1 2 3 padham,chithirai 3 4 padham,mithunam,thualam,#REF!,1
poonarpusham 1 2 3 padham,swathi,mithunam,thualam,#REF!,1
poonarpusham 1 2 3 padham,visagam 1 2 3 padham,mithunam,thualam,#REF!,0
poonarpusham 1 2 3 padham,visagam 4 padham,mithunam,viruchagam,#REF!,0
poonarpusham 1 2 3 padham,anusam,mithunam,viruchagam,#REF!,1
poonarpusham 1 2 3 padham,kettai,mithunam,viruchagam,#REF!,0
poonarpusham 1 2 3 padham,moolam,mithunam,dhanush,#REF!,1
poonarpusham 1 2 3 padham,pooradam,mithunam,dhanush,#REF!,1
poonarpusham 1 2 3 padham,uthiradam 1 padham,mithunam,dhanush,#REF!,0
poonarpusham 1 2 3 padham,uthiradam 2 3 4 padham,mithunam,magaram,#REF!,0
poonarpusham 1 2 3 padham,thiruvonam,mithunam,magaram,#REF!,1
poonarpusham 1 2 3 padham,avitam 1 2 padham,mithunam,magaram,#REF!,1
poonarpusham 1 2 3 padham,avitam 3 4 padam,mithunam,kumbam,#REF!,1
poonarpusham 1 2 3 padham,sathayam,mithunam,kumbam,#REF!,1
poonarpusham 1 2 3 padham,pooratadhi 1 2 3 padham,mithunam,kumbam,#REF!,0
poonarpusham 1 2 3 padham,pooratadhi 4 padham,mithunam,meenam,#REF!,0
poonarpusham 1 2 3 padham,uthiraithadhi,mithunam,meenam,#REF!,1
poonarpusham 1 2 3 padham,revathi,mithunam,meenam,#REF!,1
poonarpusham 4 padham,aswini,kadagam,mesam,#REF!,1
poonarpusham 4 padham,bharani,kadagam,mesam,#REF!,1
poonarpusham 4 padham,karthigai 1 padham,kadagam,mesam,#REF!,0
poonarpusham 4 padham,karthigai 2 3 4 padham,kadagam,rishabam,#REF!,0
poonarpusham 4 padham,rohini,kadagam,rishabam,#REF!,1
poonarpusham 4 padham,mirugasirisham 1 2 padham,kadagam,rishabam,#REF!,1
poonarpusham 4 padham,mirugasirisham 3 4 padham,kadagam,mithunam,#REF!,1
poonarpusham 4 padham,thiruvadhirai,kadagam,mithunam,#REF!,1
poonarpusham 4 padham,poonarpusham 1 2 3 padham,kadagam,mithunam,#REF!,0
poonarpusham 4 padham,poonarpusham 4 padham,kadagam,kadagam,#REF!,0
poonarpusham 4 padham,poosam,kadagam,kadagam,#REF!,1
poonarpusham 4 padham,ayilyam,kadagam,kadagam,#REF!,0
poonarpusham 4 padham,magam,kadagam,simmam,#REF!,0
poonarpusham 4 padham,pooram,kadagam,simmam,#REF!,0
poonarpusham 4 padham,uthiram 1 padham,kadagam,simmam,#REF!,0
poonarpusham 4 padham,uthiram 2 3 4 padham,kadagam,kanni,#REF!,0
poonarpusham 4 padham,astham,kadagam,kanni,#REF!,0
poonarpusham 4 padham,chithirai 1 2padham,kadagam,kanni,#REF!,1
poonarpusham 4 padham,chithirai 3 4 padham,kadagam,thualam,#REF!,1
poonarpusham 4 padham,swathi,kadagam,thualam,#REF!,1
poonarpusham 4 padham,visagam 1 2 3 padham,kadagam,thualam,#REF!,0
poonarpusham 4 padham,visagam 4 padham,kadagam,viruchagam,#REF!,0
poonarpusham 4 padham,anusam,kadagam,viruchagam,#REF!,1
poonarpusham 4 padham,kettai,kadagam,viruchagam,#REF!,1
poonarpusham 4 padham,moolam,kadagam,dhanush,#REF!,1
poonarpusham 4 padham,pooradam,kadagam,dhanush,#REF!,1
poonarpusham 4 padham,uthiradam 1 padham,kadagam,dhanush,#REF!,0
poonarpusham 4 padham,uthiradam 2 3 4 padham,kadagam,magaram,#REF!,0
poonarpusham 4 padham,thiruvonam,kadagam,magaram,#REF!,1
poonarpusham 4 padham,avitam 1 2 padham,kadagam,magaram,#REF!,1
poonarpusham 4 padham,avitam 3 4 padam,kadagam,kumbam,#REF!,1
poonarpusham 4 padham,sathayam,kadagam,kumbam,#REF!,1
poonarpusham 4 padham,pooratadhi 1 2 3 padham,kadagam,kumbam,#REF!,0
poonarpusham 4 padham,pooratadhi 4 padham,kadagam,meenam,#REF!,0
poonarpusham 4 padham,uthiraithadhi,kadagam,meenam,#REF!,1
poonarpusham 4 padham,revathi,kadagam,meenam,#REF!,1
poosam,aswini,kadagam,mesam,#REF!,1
poosam,bharani,kadagam,mesam,#REF!,0
poosam,karthigai 1 padham,kadagam,mesam,#REF!,1
poosam,karthigai 2 3 4 padham,kadagam,rishabam,#REF!,1
poosam,rohini,kadagam,rishabam,#REF!,1
poosam,mirugasirisham 1 2 padham,kadagam,rishabam,#REF!,1
poosam,mirugasirisham 3 4 padham,kadagam,mithunam,#REF!,1
poosam,thiruvadhirai,kadagam,mithunam,#REF!,1
poosam,poonarpusham 1 2 3 padham,kadagam,mithunam,#REF!,1
poosam,poonarpusham 4 padham,kadagam,kadagam,#REF!,1
poosam,poosam,kadagam,kadagam,#REF!,0
poosam,ayilyam,kadagam,kadagam,#REF!,1
poosam,magam,kadagam,simmam,#REF!,0
poosam,pooram,kadagam,simmam,#REF!,0
poosam,uthiram 1 padham,kadagam,simmam,#REF!,0
poosam,uthiram 2 3 4 padham,kadagam,kanni,#REF!,0
poosam,astham,kadagam,kanni,#REF!,0
poosam,chithirai 1 2padham,kadagam,kanni,#REF!,0
poosam,chithirai 3 4 padham,kadagam,thualam,#REF!,0
poosam,swathi,kadagam,thualam,#REF!,1
poosam,visagam 1 2 3 padham,kadagam,thualam,#REF!,1
poosam,visagam 4 padham,kadagam,viruchagam,#REF!,1
poosam,anusam,kadagam,viruchagam,#REF!,0
poosam,kettai,kadagam,viruchagam,#REF!,1
poosam,moolam,kadagam,dhanush,#REF!,1
poosam,pooradam,kadagam,dhanush,#REF!,0
poosam,uthiradam 1 padham,kadagam,dhanush,#REF!,1
poosam,uthiradam 2 3 4 padham,kadagam,magaram,#REF!,1
poosam,thiruvonam,kadagam,magaram,#REF!,1
poosam,avitam 1 2 padham,kadagam,magaram,#REF!,1
poosam,avitam 3 4 padam,kadagam,kumbam,#REF!,1
poosam,sathayam,kadagam,kumbam,#REF!,1
poosam,pooratadhi 1 2 3 padham,kadagam,kumbam,#REF!,1
poosam,pooratadhi 4 padham,kadagam,meenam,#REF!,1
poosam,uthiraithadhi,kadagam,meenam,#REF!,0
poosam,revathi,kadagam,meenam,#REF!,1
ayilyam,aswini,kadagam,mesam,#REF!,0
ayilyam,bharani,kadagam,mesam,#REF!,0
ayilyam,karthigai 1 padham,kadagam,mesam,#REF!,1
ayilyam,karthigai 2 3 4 padham,kadagam,rishabam,#REF!,1
ayilyam,rohini,kadagam,rishabam,#REF!,0
ayilyam,mirugasirisham 1 2 padham,kadagam,rishabam,#REF!,1
ayilyam,mirugasirisham 3 4 padham,kadagam,mithunam,#REF!,1
ayilyam,thiruvadhirai,kadagam,mithunam,#REF!,0
ayilyam,poonarpusham 1 2 3 padham,kadagam,mithunam,#REF!,1
ayilyam,poonarpusham 4 padham,kadagam,kadagam,#REF!,1
ayilyam,poosam,kadagam,kadagam,#REF!,1
ayilyam,ayilyam,kadagam,kadagam,#REF!,0
ayilyam,magam,kadagam,simmam,#REF!,0
ayilyam,pooram,kadagam,simmam,#REF!,0
ayilyam,uthiram 1 padham,kadagam,simmam,#REF!,0
ayilyam,uthiram 2 3 4 padham,kadagam,kanni,#REF!,0
ayilyam,astham,kadagam,kanni,#REF!,0
ayilyam,chithirai 1 2padham,kadagam,kanni,#REF!,0
ayilyam,chithirai 3 4 padham,kadagam,thualam,#REF!,0
ayilyam,swathi,kadagam,thualam,#REF!,0
ayilyam,visagam 1 2 3 padham,kadagam,thualam,#REF!,1
ayilyam,visagam 4 padham,kadagam,viruchagam,#REF!,1
ayilyam,anusam,kadagam,viruchagam,#REF!,1
ayilyam,kettai,kadagam,viruchagam,#REF!,0
ayilyam,moolam,kadagam,dhanush,#REF!,0
ayilyam,pooradam,kadagam,dhanush,#REF!,0
ayilyam,uthiradam 1 padham,kadagam,dhanush,#REF!,1
ayilyam,uthiradam 2 3 4 padham,kadagam,magaram,#REF!,1
ayilyam,thiruvonam,kadagam,magaram,#REF!,0
ayilyam,avitam 1 2 padham,kadagam,magaram,#REF!,1
ayilyam,avitam 3 4 padam,kadagam,kumbam,#REF!,1
ayilyam,sathayam,kadagam,kumbam,#REF!,1
ayilyam,pooratadhi 1 2 3 padham,kadagam,kumbam,#REF!,0
ayilyam,pooratadhi 4 padham,kadagam,meenam,#REF!,1
ayilyam,uthiraithadhi,kadagam,meenam,#REF!,1
ayilyam,revathi,kadagam,meenam,#REF!,0
magam,aswini,simmam,mesam,#REF!,0
magam,bharani,simmam,mesam,#REF!,1
magam,karthigai 1 padham,simmam,mesam,#REF!,1
magam,karthigai 2 3 4 padham,simmam,rishabam,#REF!,0
magam,rohini,simmam,rishabam,#REF!,0
magam,mirugasirisham 1 2 padham,simmam,rishabam,#REF!,0
magam,mirugasirisham 3 4 padham,simmam,mithunam,#REF!,0
magam,thiruvadhirai,simmam,mithunam,#REF!,1
magam,poonarpusham 1 2 3 padham,simmam,mithunam,#REF!,0
magam,poonarpusham 4 padham,simmam,kadagam,#REF!,1
magam,poosam,simmam,kadagam,#REF!,1
magam,ayilyam,simmam,kadagam,#REF!,0
magam,magam,simmam,simmam,#REF!,0
magam,pooram,simmam,simmam,#REF!,0
magam,uthiram 1 padham,simmam,simmam,#REF!,0
magam,uthiram 2 3 4 padham,simmam,kanni,#REF!,0
magam,astham,simmam,kanni,#REF!,0
magam,chithirai 1 2padham,simmam,kanni,#REF!,0
magam,chithirai 3 4 padham,simmam,thualam,#REF!,0
magam,swathi,simmam,thualam,#REF!,0
magam,visagam 1 2 3 padham,simmam,thualam,#REF!,0
magam,visagam 4 padham,simmam,viruchagam,#REF!,0
magam,anusam,simmam,viruchagam,#REF!,0
magam,kettai,simmam,viruchagam,#REF!,0
magam,moolam,simmam,dhanush,#REF!,0
magam,pooradam,simmam,dhanush,#REF!,0
magam,uthiradam 1 padham,simmam,dhanush,#REF!,0
magam,uthiradam 2 3 4 padham,simmam,magaram,#REF!,0
magam,thiruvonam,simmam,magaram,#REF!,1
magam,avitam 1 2 padham,simmam,magaram,#REF!,0
magam,avitam 3 4 padam,simmam,kumbam,#REF!,0
magam,sathayam,simmam,kumbam,#REF!,1
magam,pooratadhi 1 2 3 padham,simmam,kumbam,#REF!,0
magam,pooratadhi 4 padham,simmam,meenam,#REF!,0
magam,uthiraithadhi,simmam,meenam,#REF!,0
magam,revathi,simmam,meenam,#REF!,0
pooram,aswini,simmam,mesam,#REF!,1
pooram,bharani,simmam,mesam,#REF!,0
pooram,karthigai 1 padham,simmam,mesam,#REF!,1
pooram,karthigai 2 3 4 padham,simmam,rishabam,#REF!,1
pooram,rohini,simmam,rishabam,#REF!,0
pooram,mirugasirisham 1 2 padham,simmam,rishabam,#REF!,1
pooram,mirugasirisham 3 4 padham,simmam,mithunam,#REF!,1
pooram,thiruvadhirai,simmam,mithunam,#REF!,1
pooram,poonarpusham 1 2 3 padham,simmam,mithunam,#REF!,1
pooram,poonarpusham 4 padham,simmam,kadagam,#REF!,1
pooram,poosam,simmam,kadagam,#REF!,0
pooram,ayilyam,simmam,kadagam,#REF!,1
pooram,magam,simmam,simmam,#REF!,1
pooram,pooram,simmam,simmam,#REF!,0
pooram,uthiram 1 padham,simmam,simmam,#REF!,1
pooram,uthiram 2 3 4 padham,simmam,kanni,#REF!,0
pooram,astham,simmam,kanni,#REF!,0
pooram,chithirai 1 2padham,simmam,kanni,#REF!,0
pooram,chithirai 3 4 padham,simmam,thualam,#REF!,0
pooram,swathi,simmam,thualam,#REF!,0
pooram,visagam 1 2 3 padham,simmam,thualam,#REF!,0
pooram,visagam 4 padham,simmam,viruchagam,#REF!,0
pooram,anusam,simmam,viruchagam,#REF!,0
pooram,kettai,simmam,viruchagam,#REF!,1
pooram,moolam,simmam,dhanush,#REF!,1
pooram,pooradam,simmam,dhanush,#REF!,0
pooram,uthiradam 1 padham,simmam,dhanush,#REF!,1
pooram,uthiradam 2 3 4 padham,simmam,magaram,#REF!,1
pooram,thiruvonam,simmam,magaram,#REF!,0
pooram,avitam 1 2 padham,simmam,magaram,#REF!,1
pooram,avitam 3 4 padam,simmam,kumbam,#REF!,1
pooram,sathayam,simmam,kumbam,#REF!,0
pooram,pooratadhi 1 2 3 padham,simmam,kumbam,#REF!,1
pooram,pooratadhi 4 padham,simmam,meenam,#REF!,1
pooram,uthiraithadhi,simmam,meenam,#REF!,0
pooram,revathi,simmam,meenam,#REF!,1
uthiram 1 padham,aswini,simmam,mesam,#REF!,1
uthiram 1 padham,bharani,simmam,mesam,#REF!,1
uthiram 1 padham,karthigai 1 padham,simmam,mesam,#REF!,0
uthiram 1 padham,karthigai 2 3 4 padham,simmam,rishabam,#REF!,0
uthiram 1 padham,rohini,simmam,rishabam,#REF!,1
uthiram 1 padham,mirugasirisham 1 2 padham,simmam,rishabam,#REF!,0
uthiram 1 padham,mirugasirisham 3 4 padham,simmam,mithunam,#REF!,1
uthiram 1 padham,thiruvadhirai,simmam,mithunam,#REF!,1
uthiram 1 padham,poonarpusham 1 2 3 padham,simmam,mithunam,#REF!,0
uthiram 1 padham,poonarpusham 4 padham,simmam,kadagam,#REF!,0
uthiram 1 padham,poosam,simmam,kadagam,#REF!,1
uthiram 1 padham,ayilyam,simmam,kadagam,#REF!,1
uthiram 1 padham,magam,simmam,simmam,#REF!,1
uthiram 1 padham,pooram,simmam,simmam,#REF!,1
uthiram 1 padham,uthiram 1 padham,simmam,simmam,#REF!,0
uthiram 1 padham,uthiram 2 3 4 padham,simmam,kanni,#REF!,0
uthiram 1 padham,astham,simmam,kanni,#REF!,0
uthiram 1 padham,chithirai 1 2padham,simmam,kanni,#REF!,0
uthiram 1 padham,chithirai 3 4 padham,simmam,thualam,#REF!,0
uthiram 1 padham,swathi,simmam,thualam,#REF!,0
uthiram 1 padham,visagam 1 2 3 padham,simmam,thualam,#REF!,0
uthiram 1 padham,visagam 4 padham,simmam,viruchagam,#REF!,0
uthiram 1 padham,anusam,simmam,viruchagam,#REF!,0
uthiram 1 padham,kettai,simmam,viruchagam,#REF!,0
uthiram 1 padham,moolam,simmam,dhanush,#REF!,1
uthiram 1 padham,pooradam,simmam,dhanush,#REF!,0
uthiram 1 padham,uthiradam 1 padham,simmam,dhanush,#REF!,0
uthiram 1 padham,uthiradam 2 3 4 padham,simmam,magaram,#REF!,0
uthiram 1 padham,thiruvonam,simmam,magaram,#REF!,1
uthiram 1 padham,avitam 1 2 padham,simmam,magaram,#REF!,0
uthiram 1 padham,avitam 3 4 padam,simmam,kumbam,#REF!,0
uthiram 1 padham,sathayam,simmam,kumbam,#REF!,1
uthiram 1 padham,pooratadhi 1 2 3 padham,simmam,kumbam,#REF!,0
uthiram 1 padham,pooratadhi 4 padham,simmam,meenam,#REF!,0
uthiram 1 padham,uthiraithadhi,simmam,meenam,#REF!,1
uthiram 1 padham,revathi,simmam,meenam,#REF!,1
uthiram 2 3 4 padham,aswini,kanni,mesam,#REF!,1
uthiram 2 3 4 padham,bharani,kanni,mesam,#REF!,1
uthiram 2 3 4 padham,karthigai 1 padham,kanni,mesam,#REF!,0
uthiram 2 3 4 padham,karthigai 2 3 4 padham,kanni,rishabam,#REF!,0
uthiram 2 3 4 padham,rohini,kanni,rishabam,#REF!,1
uthiram 2 3 4 padham,mirugasirisham 1 2 padham,kanni,rishabam,#REF!,1
uthiram 2 3 4 padham,mirugasirisham 3 4 padham,kanni,mithunam,#REF!,1
uthiram 2 3 4 padham,thiruvadhirai,kanni,mithunam,#REF!,1
uthiram 2 3 4 padham,poonarpusham 1 2 3 padham,kanni,mithunam,#REF!,0
uthiram 2 3 4 padham,poonarpusham 4 padham,kanni,kadagam,#REF!,0
uthiram 2 3 4 padham,poosam,kanni,kadagam,#REF!,1
uthiram 2 3 4 padham,ayilyam,kanni,kadagam,#REF!,1
uthiram 2 3 4 padham,magam,kanni,simmam,#REF!,1
uthiram 2 3 4 padham,pooram,kanni,simmam,#REF!,1
uthiram 2 3 4 padham,uthiram 1 padham,kanni,simmam,#REF!,0
uthiram 2 3 4 padham,uthiram 2 3 4 padham,kanni,kanni,#REF!,0
uthiram 2 3 4 padham,astham,kanni,kanni,#REF!,1
uthiram 2 3 4 padham,chithirai 1 2padham,kanni,kanni,#REF!,0
uthiram 2 3 4 padham,chithirai 3 4 padham,kanni,thualam,#REF!,0
uthiram 2 3 4 padham,swathi,kanni,thualam,#REF!,1
uthiram 2 3 4 padham,visagam 1 2 3 padham,kanni,thualam,#REF!,0
uthiram 2 3 4 padham,visagam 4 padham,kanni,viruchagam,#REF!,0
uthiram 2 3 4 padham,anusam,kanni,viruchagam,#REF!,0
uthiram 2 3 4 padham,kettai,kanni,viruchagam,#REF!,0
uthiram 2 3 4 padham,moolam,kanni,dhanush,#REF!,1
uthiram 2 3 4 padham,pooradam,kanni,dhanush,#REF!,1
uthiram 2 3 4 padham,uthiradam 1 padham,kanni,dhanush,#REF!,0
uthiram 2 3 4 padham,uthiradam 2 3 4 padham,kanni,magaram,#REF!,0
uthiram 2 3 4 padham,thiruvonam,kanni,magaram,#REF!,1
uthiram 2 3 4 padham,avitam 1 2 padham,kanni,magaram,#REF!,0
uthiram 2 3 4 padham,avitam 3 4 padam,kanni,kumbam,#REF!,0
uthiram 2 3 4 padham,sathayam,kanni,kumbam,#REF!,1
uthiram 2 3 4 padham,pooratadhi 1 2 3 padham,kanni,kumbam,#REF!,0
uthiram 2 3 4 padham,pooratadhi 4 padham,kanni,meenam,#REF!,0
uthiram 2 3 4 padham,uthiraithadhi,kanni,meenam,#REF!,1
uthiram 2 3 4 padham,revathi,kanni,meenam,#REF!,1
astham,aswini,kanni,mesam,#REF!,0
astham,bharani,kanni,mesam,#REF!,1
astham,karthigai 1 padham,kanni,mesam,#REF!,1
astham,karthigai 2 3 4 padham,kanni,rishabam,#REF!,1
astham,rohini,kanni,rishabam,#REF!,0
astham,mirugasirisham 1 2 padham,kanni,rishabam,#REF!,1
astham,mirugasirisham 3 4 padham,kanni,mithunam,#REF!,1
astham,thiruvadhirai,kanni,mithunam,#REF!,0
astham,poonarpusham 1 2 3 padham,kanni,mithunam,#REF!,1
astham,poonarpusham 4 padham,kanni,kadagam,#REF!,1
astham,poosam,kanni,kadagam,#REF!,0
astham,ayilyam,kanni,kadagam,#REF!,1
astham,magam,kanni,simmam,#REF!,1
astham,pooram,kanni,simmam,#REF!,1
astham,uthiram 1 padham,kanni,simmam,#REF!,1
astham,uthiram 2 3 4 padham,kanni,kanni,#REF!,1
astham,astham,kanni,kanni,#REF!,0
astham,chithirai 1 2padham,kanni,kanni,#REF!,1
astham,chithirai 3 4 padham,kanni,thualam,#REF!,0
astham,swathi,kanni,thualam,#REF!,0
astham,visagam 1 2 3 padham,kanni,thualam,#REF!,1
astham,visagam 4 padham,kanni,viruchagam,#REF!,1
astham,anusam,kanni,viruchagam,#REF!,0
astham,kettai,kanni,viruchagam,#REF!,0
astham,moolam,kanni,dhanush,#REF!,0
astham,pooradam,kanni,dhanush,#REF!,1
astham,uthiradam 1 padham,kanni,dhanush,#REF!,1
astham,uthiradam 2 3 4 padham,kanni,magaram,#REF!,1
astham,thiruvonam,kanni,magaram,#REF!,0
astham,avitam 1 2 padham,kanni,magaram,#REF!,1
astham,avitam 3 4 padam,kanni,kumbam,#REF!,0
astham,sathayam,kanni,kumbam,#REF!,0
astham,pooratadhi 1 2 3 padham,kanni,kumbam,#REF!,1
astham,pooratadhi 4 padham,kanni,meenam,#REF!,1
astham,uthiraithadhi,kanni,meenam,#REF!,1
astham,revathi,kanni,meenam,#REF!,1
chithirai 1 2padham,aswini,kanni,mesam,#REF!,0
chithirai 1 2padham,bharani,kanni,mesam,#REF!,0
chithirai 1 2padham,karthigai 1 padham,kanni,mesam,#REF!,0
chithirai 1 2padham,karthigai 2 3 4 padham,kanni,rishabam,#REF!,1
chithirai 1 2padham,rohini,kanni,rishabam,#REF!,1
chithirai 1 2padham,mirugasirisham 1 2 padham,kanni,rishabam,#REF!,0
chithirai 1 2padham,mirugasirisham 3 4 padham,kanni,mithunam,#REF!,0
chithirai 1 2padham,thiruvadhirai,kanni,mithunam,#REF!,1
chithirai 1 2padham,poonarpusham 1 2 3 padham,kanni,mithunam,#REF!,0
chithirai 1 2padham,poonarpusham 4 padham,kanni,kadagam,#REF!,0
chithirai 1 2padham,poosam,kanni,kadagam,#REF!,1
chithirai 1 2padham,ayilyam,kanni,kadagam,#REF!,0
chithirai 1 2padham,magam,kanni,simmam,#REF!,1
chithirai 1 2padham,pooram,kanni,simmam,#REF!,1
chithirai 1 2padham,uthiram 1 padham,kanni,simmam,#REF!,0
chithirai 1 2padham,uthiram 2 3 4 padham,kanni,kanni,#REF!,0
chithirai 1 2padham,astham,kanni,kanni,#REF!,1
chithirai 1 2padham,chithirai 1 2padham,kanni,kanni,#REF!,0
chithirai 1 2padham,chithirai 3 4 padham,kanni,thualam,#REF!,0
chithirai 1 2padham,swathi,kanni,thualam,#REF!,0
chithirai 1 2padham,visagam 1 2 3 padham,kanni,thualam,#REF!,0
chithirai 1 2padham,visagam 4 padham,kanni,viruchagam,#REF!,0
chithirai 1 2padham,anusam,kanni,viruchagam,#REF!,0
chithirai 1 2padham,kettai,kanni,viruchagam,#REF!,0
chithirai 1 2padham,moolam,kanni,dhanush,#REF!,0
chithirai 1 2padham,pooradam,kanni,dhanush,#REF!,0
chithirai 1 2padham,uthiradam 1 padham,kanni,dhanush,#REF!,0
chithirai 1 2padham,uthiradam 2 3 4 padham,kanni,magaram,#REF!,0
chithirai 1 2padham,thiruvonam,kanni,magaram,#REF!,0
chithirai 1 2padham,avitam 1 2 padham,kanni,magaram,#REF!,0
chithirai 1 2padham,avitam 3 4 padam,kanni,kumbam,#REF!,0
chithirai 1 2padham,sathayam,kanni,kumbam,#REF!,1
chithirai 1 2padham,pooratadhi 1 2 3 padham,kanni,kumbam,#REF!,0
chithirai 1 2padham,pooratadhi 4 padham,kanni,meenam,#REF!,1
chithirai 1 2padham,uthiraithadhi,kanni,meenam,#REF!,1
chithirai 1 2padham,revathi,kanni,meenam,#REF!,1
chithirai 3 4 padham,aswini,thualam,mesam,#REF!,1
chithirai 3 4 padham,bharani,thualam,mesam,#REF!,1
chithirai 3 4 padham,karthigai 1 padham,thualam,mesam,#REF!,1
chithirai 3 4 padham,karthigai 2 3 4 padham,thualam,rishabam,#REF!,1
chithirai 3 4 padham,rohini,thualam,rishabam,#REF!,0
chithirai 3 4 padham,mirugasirisham 1 2 padham,thualam,rishabam,#REF!,0
chithirai 3 4 padham,mirugasirisham 3 4 padham,thualam,mithunam,#REF!,0
chithirai 3 4 padham,thiruvadhirai,thualam,mithunam,#REF!,1
chithirai 3 4 padham,poonarpusham 1 2 3 padham,thualam,mithunam,#REF!,0
chithirai 3 4 padham,poonarpusham 4 padham,thualam,kadagam,#REF!,0
chithirai 3 4 padham,poosam,thualam,kadagam,#REF!,1
chithirai 3 4 padham,ayilyam,thualam,kadagam,#REF!,0
chithirai 3 4 padham,magam,thualam,simmam,#REF!,1
chithirai 3 4 padham,pooram,thualam,simmam,#REF!,0
chithirai 3 4 padham,uthiram 1 padham,thualam,simmam,#REF!,0
chithirai 3 4 padham,uthiram 2 3 4 padham,thualam,kanni,#REF!,0
chithirai 3 4 padham,astham,thualam,kanni,#REF!,1
chithirai 3 4 padham,chithirai 1 2padham,thualam,kanni,#REF!,0
chithirai 3 4 padham,chithirai 3 4 padham,thualam,thualam,#REF!,0
chithirai 3 4 padham,swathi,thualam,thualam,#REF!,0
chithirai 3 4 padham,visagam 1 2 3 padham,thualam,thualam,#REF!,0
chithirai 3 4 padham,visagam 4 padham,thualam,viruchagam,#REF!,0
chithirai 3 4 padham,anusam,thualam,viruchagam,#REF!,0
chithirai 3 4 padham,kettai,thualam,viruchagam,#REF!,0
chithirai 3 4 padham,moolam,thualam,dhanush,#REF!,0
chithirai 3 4 padham,pooradam,thualam,dhanush,#REF!,0
chithirai 3 4 padham,uthiradam 1 padham,thualam,dhanush,#REF!,0
chithirai 3 4 padham,uthiradam 2 3 4 padham,thualam,magaram,#REF!,0
chithirai 3 4 padham,thiruvonam,thualam,magaram,#REF!,1
chithirai 3 4 padham,avitam 1 2 padham,thualam,magaram,#REF!,0
chithirai 3 4 padham,avitam 3 4 padam,thualam,kumbam,#REF!,0
chithirai 3 4 padham,sathayam,thualam,kumbam,#REF!,1
chithirai 3 4 padham,pooratadhi 1 2 3 padham,thualam,kumbam,#REF!,0
chithirai 3 4 padham,pooratadhi 4 padham,thualam,meenam,#REF!,0
chithirai 3 4 padham,uthiraithadhi,thualam,meenam,#REF!,0
chithirai 3 4 padham,revathi,thualam,meenam,#REF!,0
swathi,aswini,thualam,mesam,#REF!,0
swathi,bharani,thualam,mesam,#REF!,1
swathi,karthigai 1 padham,thualam,mesam,#REF!,1
swathi,karthigai 2 3 4 padham,thualam,rishabam,#REF!,0
swathi,rohini,thualam,rishabam,#REF!,0
swathi,mirugasirisham 1 2 padham,thualam,rishabam,#REF!,1
swathi,mirugasirisham 3 4 padham,thualam,mithunam,#REF!,1
swathi,thiruvadhirai,thualam,mithunam,#REF!,0
swathi,poonarpusham 1 2 3 padham,thualam,mithunam,#REF!,1
swathi,poonarpusham 4 padham,thualam,kadagam,#REF!,1
swathi,poosam,thualam,kadagam,#REF!,0
swathi,ayilyam,thualam,kadagam,#REF!,1
swathi,magam,thualam,simmam,#REF!,0
swathi,pooram,thualam,simmam,#REF!,1
swathi,uthiram 1 padham,thualam,simmam,#REF!,1
swathi,uthiram 2 3 4 padham,thualam,kanni,#REF!,1
swathi,astham,thualam,kanni,#REF!,0
swathi,chithirai 1 2padham,thualam,kanni,#REF!,1
swathi,chithirai 3 4 padham,thualam,thualam,#REF!,1
swathi,swathi,thualam,thualam,#REF!,0
swathi,visagam 1 2 3 padham,thualam,thualam,#REF!,1
swathi,visagam 4 padham,thualam,viruchagam,#REF!,0
swathi,anusam,thualam,viruchagam,#REF!,0
swathi,kettai,thualam,viruchagam,#REF!,1
swathi,moolam,thualam,dhanush,#REF!,0
swathi,pooradam,thualam,dhanush,#REF!,0
swathi,uthiradam 1 padham,thualam,dhanush,#REF!,0
swathi,uthiradam 2 3 4 padham,thualam,magaram,#REF!,1
swathi,thiruvonam,thualam,magaram,#REF!,0
swathi,avitam 1 2 padham,thualam,magaram,#REF!,1
swathi,avitam 3 4 padam,thualam,kumbam,#REF!,1
swathi,sathayam,thualam,kumbam,#REF!,0
swathi,pooratadhi 1 2 3 padham,thualam,kumbam,#REF!,1
swathi,pooratadhi 4 padham,thualam,meenam,#REF!,1
swathi,uthiraithadhi,thualam,meenam,#REF!,0
swathi,revathi,thualam,meenam,#REF!,1
visagam 1 2 3 padham,aswini,thualam,mesam,#REF!,1
visagam 1 2 3 padham,bharani,thualam,mesam,#REF!,0
visagam 1 2 3 padham,karthigai 1 padham,thualam,mesam,#REF!,0
visagam 1 2 3 padham,karthigai 2 3 4 padham,thualam,rishabam,#REF!,0
visagam 1 2 3 padham,rohini,thualam,rishabam,#REF!,0
visagam 1 2 3 padham,mirugasirisham 1 2 padham,thualam,rishabam,#REF!,0
visagam 1 2 3 padham,mirugasirisham 3 4 padham,thualam,mithunam,#REF!,1
visagam 1 2 3 padham,thiruvadhirai,thualam,mithunam,#REF!,1
visagam 1 2 3 padham,poonarpusham 1 2 3 padham,thualam,mithunam,#REF!,0
visagam 1 2 3 padham,poonarpusham 4 padham,thualam,kadagam,#REF!,0
visagam 1 2 3 padham,poosam,thualam,kadagam,#REF!,0
visagam 1 2 3 padham,ayilyam,thualam,kadagam,#REF!,0
visagam 1 2 3 padham,magam,thualam,simmam,#REF!,1
visagam 1 2 3 padham,pooram,thualam,simmam,#REF!,0
visagam 1 2 3 padham,uthiram 1 padham,thualam,simmam,#REF!,0
visagam 1 2 3 padham,uthiram 2 3 4 padham,thualam,kanni,#REF!,0
visagam 1 2 3 padham,astham,thualam,kanni,#REF!,1
visagam 1 2 3 padham,chithirai 1 2padham,thualam,kanni,#REF!,1
visagam 1 2 3 padham,chithirai 3 4 padham,thualam,thualam,#REF!,1
visagam 1 2 3 padham,swathi,thualam,thualam,#REF!,1
visagam 1 2 3 padham,visagam 1 2 3 padham,thualam,thualam,#REF!,0
visagam 1 2 3 padham,visagam 4 padham,thualam,viruchagam,#REF!,0
visagam 1 2 3 padham,anusam,thualam,viruchagam,#REF!,0
visagam 1 2 3 padham,kettai,thualam,viruchagam,#REF!,0
visagam 1 2 3 padham,moolam,thualam,dhanush,#REF!,1
visagam 1 2 3 padham,pooradam,thualam,dhanush,#REF!,0
visagam 1 2 3 padham,uthiradam 1 padham,thualam,dhanush,#REF!,0
visagam 1 2 3 padham,uthiradam 2 3 4 padham,thualam,magaram,#REF!,0
visagam 1 2 3 padham,thiruvonam,thualam,magaram,#REF!,1
visagam 1 2 3 padham,avitam 1 2 padham,thualam,magaram,#REF!,1
visagam 1 2 3 padham,avitam 3 4 padam,thualam,kumbam,#REF!,1
visagam 1 2 3 padham,sathayam,thualam,kumbam,#REF!,1
visagam 1 2 3 padham,pooratadhi 1 2 3 padham,thualam,kumbam,#REF!,0
visagam 1 2 3 padham,pooratadhi 4 padham,thualam,meenam,#REF!,0
visagam 1 2 3 padham,uthiraithadhi,thualam,meenam,#REF!,0
visagam 1 2 3 padham,revathi,thualam,meenam,#REF!,0
visagam 4 padham,aswini,viruchagam,mesam,#REF!,1
visagam 4 padham,bharani,viruchagam,mesam,#REF!,0
visagam 4 padham,karthigai 1 padham,viruchagam,mesam,#REF!,0
visagam 4 padham,karthigai 2 3 4 padham,viruchagam,rishabam,#REF!,0
visagam 4 padham,rohini,viruchagam,rishabam,#REF!,1
visagam 4 padham,mirugasirisham 1 2 padham,viruchagam,rishabam,#REF!,1
visagam 4 padham,mirugasirisham 3 4 padham,viruchagam,mithunam,#REF!,0
visagam 4 padham,thiruvadhirai,viruchagam,mithunam,#REF!,0
visagam 4 padham,poonarpusham 1 2 3 padham,viruchagam,mithunam,#REF!,0
visagam 4 padham,poonarpusham 4 padham,viruchagam,kadagam,#REF!,0
visagam 4 padham,poosam,viruchagam,kadagam,#REF!,1
visagam 4 padham,ayilyam,viruchagam,kadagam,#REF!,1
visagam 4 padham,magam,viruchagam,simmam,#REF!,1
visagam 4 padham,pooram,viruchagam,simmam,#REF!,0
visagam 4 padham,uthiram 1 padham,viruchagam,simmam,#REF!,0
visagam 4 padham,uthiram 2 3 4 padham,viruchagam,kanni,#REF!,0
visagam 4 padham,astham,viruchagam,kanni,#REF!,1
visagam 4 padham,chithirai 1 2padham,viruchagam,kanni,#REF!,1
visagam 4 padham,chithirai 3 4 padham,viruchagam,thualam,#REF!,1
visagam 4 padham,swathi,viruchagam,thualam,#REF!,1
visagam 4 padham,visagam 1 2 3 padham,viruchagam,thualam,#REF!,0
visagam 4 padham,visagam 4 padham,viruchagam,viruchagam,#REF!,0
visagam 4 padham,anusam,viruchagam,viruchagam,#REF!,0
visagam 4 padham,kettai,viruchagam,viruchagam,#REF!,0
visagam 4 padham,moolam,viruchagam,dhanush,#REF!,1
visagam 4 padham,pooradam,viruchagam,dhanush,#REF!,0
visagam 4 padham,uthiradam 1 padham,viruchagam,dhanush,#REF!,0
visagam 4 padham,uthiradam 2 3 4 padham,viruchagam,magaram,#REF!,0
visagam 4 padham,thiruvonam,viruchagam,magaram,#REF!,0
visagam 4 padham,avitam 1 2 padham,viruchagam,magaram,#REF!,1
visagam 4 padham,avitam 3 4 padam,viruchagam,kumbam,#REF!,1
visagam 4 padham,sathayam,viruchagam,kumbam,#REF!,1
visagam 4 padham,pooratadhi 1 2 3 padham,viruchagam,kumbam,#REF!,0
visagam 4 padham,pooratadhi 4 padham,viruchagam,meenam,#REF!,0
visagam 4 padham,uthiraithadhi,viruchagam,meenam,#REF!,0
visagam 4 padham,revathi,viruchagam,meenam,#REF!,0
anusam,aswini,viruchagam,mesam,#REF!,0
anusam,bharani,viruchagam,mesam,#REF!,0
anusam,karthigai 1 padham,viruchagam,mesam,#REF!,0
anusam,karthigai 2 3 4 padham,viruchagam,rishabam,#REF!,1
anusam,rohini,viruchagam,rishabam,#REF!,1
anusam,mirugasirisham 1 2 padham,viruchagam,rishabam,#REF!,1
anusam,mirugasirisham 3 4 padham,viruchagam,mithunam,#REF!,0
anusam,thiruvadhirai,viruchagam,mithunam,#REF!,0
anusam,poonarpusham 1 2 3 padham,viruchagam,mithunam,#REF!,0
anusam,poonarpusham 4 padham,viruchagam,kadagam,#REF!,1
anusam,poosam,viruchagam,kadagam,#REF!,0
anusam,ayilyam,viruchagam,kadagam,#REF!,1
anusam,magam,viruchagam,simmam,#REF!,1
anusam,pooram,viruchagam,simmam,#REF!,0
anusam,uthiram 1 padham,viruchagam,simmam,#REF!,1
anusam,uthiram 2 3 4 padham,viruchagam,kanni,#REF!,1
anusam,astham,viruchagam,kanni,#REF!,1
anusam,chithirai 1 2padham,viruchagam,kanni,#REF!,1
anusam,chithirai 3 4 padham,viruchagam,thualam,#REF!,1
anusam,swathi,viruchagam,thualam,#REF!,1
anusam,visagam 1 2 3 padham,viruchagam,thualam,#REF!,1
anusam,visagam 4 padham,viruchagam,viruchagam,#REF!,1
anusam,anusam,viruchagam,viruchagam,#REF!,0
anusam,kettai,viruchagam,viruchagam,#REF!,1
anusam,moolam,viruchagam,dhanush,#REF!,0
anusam,pooradam,viruchagam,dhanush,#REF!,0
anusam,uthiradam 1 padham,viruchagam,dhanush,#REF!,0
anusam,uthiradam 2 3 4 padham,viruchagam,magaram,#REF!,0
anusam,thiruvonam,viruchagam,magaram,#REF!,0
anusam,avitam 1 2 padham,viruchagam,magaram,#REF!,0
anusam,avitam 3 4 padam,viruchagam,kumbam,#REF!,0
anusam,sathayam,viruchagam,kumbam,#REF!,1
anusam,pooratadhi 1 2 3 padham,viruchagam,kumbam,#REF!,1
anusam,pooratadhi 4 padham,viruchagam,meenam,#REF!,1
anusam,uthiraithadhi,viruchagam,meenam,#REF!,0
anusam,revathi,viruchagam,meenam,#REF!,1
kettai,aswini,viruchagam,mesam,#REF!,0
kettai,bharani,viruchagam,mesam,#REF!,0
kettai,karthigai 1 padham,viruchagam,mesam,#REF!,1
kettai,karthigai 2 3 4 padham,viruchagam,rishabam,#REF!,1
kettai,rohini,viruchagam,rishabam,#REF!,0
kettai,mirugasirisham 1 2 padham,viruchagam,rishabam,#REF!,0
kettai,mirugasirisham 3 4 padham,viruchagam,mithunam,#REF!,0
kettai,thiruvadhirai,viruchagam,mithunam,#REF!,0
kettai,poonarpusham 1 2 3 padham,viruchagam,mithunam,#REF!,0
kettai,poonarpusham 4 padham,viruchagam,kadagam,#REF!,1
kettai,poosam,viruchagam,kadagam,#REF!,1
kettai,ayilyam,viruchagam,kadagam,#REF!,0
kettai,magam,viruchagam,simmam,#REF!,0
kettai,pooram,viruchagam,simmam,#REF!,0
kettai,uthiram 1 padham,viruchagam,simmam,#REF!,1
kettai,uthiram 2 3 4 padham,viruchagam,kanni,#REF!,1
kettai,astham,viruchagam,kanni,#REF!,0
kettai,chithirai 1 2padham,viruchagam,kanni,#REF!,1
kettai,chithirai 3 4 padham,viruchagam,thualam,#REF!,1
kettai,swathi,viruchagam,thualam,#REF!,1
kettai,visagam 1 2 3 padham,viruchagam,thualam,#REF!,1
kettai,visagam 4 padham,viruchagam,viruchagam,#REF!,1
kettai,anusam,viruchagam,viruchagam,#REF!,1
kettai,kettai,viruchagam,viruchagam,#REF!,0
kettai,moolam,viruchagam,dhanush,#REF!,0
kettai,pooradam,viruchagam,dhanush,#REF!,0
kettai,uthiradam 1 padham,viruchagam,dhanush,#REF!,0
kettai,uthiradam 2 3 4 padham,viruchagam,magaram,#REF!,0
kettai,thiruvonam,viruchagam,magaram,#REF!,0
kettai,avitam 1 2 padham,viruchagam,magaram,#REF!,0
kettai,avitam 3 4 padam,viruchagam,kumbam,#REF!,0
kettai,sathayam,viruchagam,kumbam,#REF!,0
kettai,pooratadhi 1 2 3 padham,viruchagam,kumbam,#REF!,0
kettai,pooratadhi 4 padham,viruchagam,meenam,#REF!,0
kettai,uthiraithadhi,viruchagam,meenam,#REF!,0
kettai,revathi,viruchagam,meenam,#REF!,0
moolam,aswini,dhanush,mesam,#REF!,0
moolam,bharani,dhanush,mesam,#REF!,0
moolam,karthigai 1 padham,dhanush,mesam,#REF!,0
moolam,karthigai 2 3 4 padham,dhanush,rishabam,#REF!,0
moolam,rohini,dhanush,rishabam,#REF!,0
moolam,mirugasirisham 1 2 padham,dhanush,rishabam,#REF!,0
moolam,mirugasirisham 3 4 padham,dhanush,mithunam,#REF!,0
moolam,thiruvadhirai,dhanush,mithunam,#REF!,0
moolam,poonarpusham 1 2 3 padham,dhanush,mithunam,#REF!,0
moolam,poonarpusham 4 padham,dhanush,kadagam,#REF!,0
moolam,poosam,dhanush,kadagam,#REF!,1
moolam,ayilyam,dhanush,kadagam,#REF!,0
moolam,magam,dhanush,simmam,#REF!,0
moolam,pooram,dhanush,simmam,#REF!,1
moolam,uthiram 1 padham,dhanush,simmam,#REF!,0
moolam,uthiram 2 3 4 padham,dhanush,kanni,#REF!,0
moolam,astham,dhanush,kanni,#REF!,1
moolam,chithirai 1 2padham,dhanush,kanni,#REF!,0
moolam,chithirai 3 4 padham,dhanush,thualam,#REF!,0
moolam,swathi,dhanush,thualam,#REF!,0
moolam,visagam 1 2 3 padham,dhanush,thualam,#REF!,1
moolam,visagam 4 padham,dhanush,viruchagam,#REF!,1
moolam,anusam,dhanush,viruchagam,#REF!,0
moolam,kettai,dhanush,viruchagam,#REF!,0
moolam,moolam,dhanush,dhanush,#REF!,0
moolam,pooradam,dhanush,dhanush,#REF!,0
moolam,uthiradam 1 padham,dhanush,dhanush,#REF!,0
moolam,uthiradam 2 3 4 padham,dhanush,magaram,#REF!,0
moolam,thiruvonam,dhanush,magaram,#REF!,0
moolam,avitam 1 2 padham,dhanush,magaram,#REF!,0
moolam,avitam 3 4 padam,dhanush,kumbam,#REF!,0
moolam,sathayam,dhanush,kumbam,#REF!,0
moolam,pooratadhi 1 2 3 padham,dhanush,kumbam,#REF!,0
moolam,pooratadhi 4 padham,dhanush,meenam,#REF!,0
moolam,uthiraithadhi,dhanush,meenam,#REF!,1
moolam,revathi,dhanush,meenam,#REF!,0
pooradam,aswini,dhanush,mesam,#REF!,1
pooradam,bharani,dhanush,mesam,#REF!,0
pooradam,karthigai 1 padham,dhanush,mesam,#REF!,0
pooradam,karthigai 2 3 4 padham,dhanush,rishabam,#REF!,0
pooradam,rohini,dhanush,rishabam,#REF!,0
pooradam,mirugasirisham 1 2 padham,dhanush,rishabam,#REF!,1
pooradam,mirugasirisham 3 4 padham,dhanush,mithunam,#REF!,1
pooradam,thiruvadhirai,dhanush,mithunam,#REF!,0
pooradam,poonarpusham 1 2 3 padham,dhanush,mithunam,#REF!,1
pooradam,poonarpusham 4 padham,dhanush,kadagam,#REF!,1
pooradam,poosam,dhanush,kadagam,#REF!,0
pooradam,ayilyam,dhanush,kadagam,#REF!,1
pooradam,magam,dhanush,simmam,#REF!,1
pooradam,pooram,dhanush,simmam,#REF!,0
pooradam,uthiram 1 padham,dhanush,simmam,#REF!,1
pooradam,uthiram 2 3 4 padham,dhanush,kanni,#REF!,1
pooradam,astham,dhanush,kanni,#REF!,0
pooradam,chithirai 1 2padham,dhanush,kanni,#REF!,1
pooradam,chithirai 3 4 padham,dhanush,thualam,#REF!,1
pooradam,swathi,dhanush,thualam,#REF!,0
pooradam,visagam 1 2 3 padham,dhanush,thualam,#REF!,1
pooradam,visagam 4 padham,dhanush,viruchagam,#REF!,1
pooradam,anusam,dhanush,viruchagam,#REF!,0
pooradam,kettai,dhanush,viruchagam,#REF!,1
pooradam,moolam,dhanush,dhanush,#REF!,0
pooradam,pooradam,dhanush,dhanush,#REF!,0
pooradam,uthiradam 1 padham,dhanush,dhanush,#REF!,1
pooradam,uthiradam 2 3 4 padham,dhanush,magaram,#REF!,0
pooradam,thiruvonam,dhanush,magaram,#REF!,0
pooradam,avitam 1 2 padham,dhanush,magaram,#REF!,1
pooradam,avitam 3 4 padam,dhanush,kumbam,#REF!,1
pooradam,sathayam,dhanush,kumbam,#REF!,0
pooradam,pooratadhi 1 2 3 padham,dhanush,kumbam,#REF!,0
pooradam,pooratadhi 4 padham,dhanush,meenam,#REF!,1
pooradam,uthiraithadhi,dhanush,meenam,#REF!,0
pooradam,revathi,dhanush,meenam,#REF!,1
uthiradam 1 padham,aswini,dhanush,mesam,#REF!,1
uthiradam 1 padham,bharani,dhanush,mesam,#REF!,1
uthiradam 1 padham,karthigai 1 padham,dhanush,mesam,#REF!,0
uthiradam 1 padham,karthigai 2 3 4 padham,dhanush,rishabam,#REF!,0
uthiradam 1 padham,rohini,dhanush,rishabam,#REF!,0
uthiradam 1 padham,mirugasirisham 1 2 padham,dhanush,rishabam,#REF!,0
uthiradam 1 padham,mirugasirisham 3 4 padham,dhanush,mithunam,#REF!,0
uthiradam 1 padham,thiruvadhirai,dhanush,mithunam,#REF!,1
uthiradam 1 padham,poonarpusham 1 2 3 padham,dhanush,mithunam,#REF!,0
uthiradam 1 padham,poonarpusham 4 padham,dhanush,kadagam,#REF!,0
uthiradam 1 padham,poosam,dhanush,kadagam,#REF!,1
uthiradam 1 padham,ayilyam,dhanush,kadagam,#REF!,1
uthiradam 1 padham,magam,dhanush,simmam,#REF!,1
uthiradam 1 padham,pooram,dhanush,simmam,#REF!,1
uthiradam 1 padham,uthiram 1 padham,dhanush,simmam,#REF!,0
uthiradam 1 padham,uthiram 2 3 4 padham,dhanush,kanni,#REF!,0
uthiradam 1 padham,astham,dhanush,kanni,#REF!,1
uthiradam 1 padham,chithirai 1 2padham,dhanush,kanni,#REF!,0
uthiradam 1 padham,chithirai 3 4 padham,dhanush,thualam,#REF!,0
uthiradam 1 padham,swathi,dhanush,thualam,#REF!,1
uthiradam 1 padham,visagam 1 2 3 padham,dhanush,thualam,#REF!,0
uthiradam 1 padham,visagam 4 padham,dhanush,viruchagam,#REF!,0
uthiradam 1 padham,anusam,dhanush,viruchagam,#REF!,1
uthiradam 1 padham,kettai,dhanush,viruchagam,#REF!,1
uthiradam 1 padham,moolam,dhanush,dhanush,#REF!,1
uthiradam 1 padham,pooradam,dhanush,dhanush,#REF!,1
uthiradam 1 padham,uthiradam 1 padham,dhanush,dhanush,#REF!,0
uthiradam 1 padham,uthiradam 2 3 4 padham,dhanush,magaram,#REF!,0
uthiradam 1 padham,thiruvonam,dhanush,magaram,#REF!,0
uthiradam 1 padham,avitam 1 2 padham,dhanush,magaram,#REF!,0
uthiradam 1 padham,avitam 3 4 padam,dhanush,kumbam,#REF!,0
uthiradam 1 padham,sathayam,dhanush,kumbam,#REF!,1
uthiradam 1 padham,pooratadhi 1 2 3 padham,dhanush,kumbam,#REF!,0
uthiradam 1 padham,pooratadhi 4 padham,dhanush,meenam,#REF!,0
uthiradam 1 padham,uthiraithadhi,dhanush,meenam,#REF!,1
uthiradam 1 padham,revathi,dhanush,meenam,#REF!,1
uthiradam 2 3 4 padham,aswini,magaram,mesam,#REF!,0
uthiradam 2 3 4 padham,bharani,magaram,mesam,#REF!,0
uthiradam 2 3 4 padham,karthigai 1 padham,magaram,mesam,#REF!,0
uthiradam 2 3 4 padham,karthigai 2 3 4 padham,magaram,rishabam,#REF!,0
uthiradam 2 3 4 padham,rohini,magaram,rishabam,#REF!,1
uthiradam 2 3 4 padham,mirugasirisham 1 2 padham,magaram,rishabam,#REF!,0
uthiradam 2 3 4 padham,mirugasirisham 3 4 padham,magaram,mithunam,#REF!,0
uthiradam 2 3 4 padham,thiruvadhirai,magaram,mithunam,#REF!,1
uthiradam 2 3 4 padham,poonarpusham 1 2 3 padham,magaram,mithunam,#REF!,0
uthiradam 2 3 4 padham,poonarpusham 4 padham,magaram,kadagam,#REF!,0
uthiradam 2 3 4 padham,poosam,magaram,kadagam,#REF!,1
uthiradam 2 3 4 padham,ayilyam,magaram,kadagam,#REF!,1
uthiradam 2 3 4 padham,magam,magaram,simmam,#REF!,0
uthiradam 2 3 4 padham,pooram,magaram,simmam,#REF!,0
uthiradam 2 3 4 padham,uthiram 1 padham,magaram,simmam,#REF!,0
uthiradam 2 3 4 padham,uthiram 2 3 4 padham,magaram,kanni,#REF!,0
uthiradam 2 3 4 padham,astham,magaram,kanni,#REF!,1
uthiradam 2 3 4 padham,chithirai 1 2padham,magaram,kanni,#REF!,0
uthiradam 2 3 4 padham,chithirai 3 4 padham,magaram,thualam,#REF!,0
uthiradam 2 3 4 padham,swathi,magaram,thualam,#REF!,1
uthiradam 2 3 4 padham,visagam 1 2 3 padham,magaram,thualam,#REF!,0
uthiradam 2 3 4 padham,visagam 4 padham,magaram,viruchagam,#REF!,0
uthiradam 2 3 4 padham,anusam,magaram,viruchagam,#REF!,1
uthiradam 2 3 4 padham,kettai,magaram,viruchagam,#REF!,1
uthiradam 2 3 4 padham,moolam,magaram,dhanush,#REF!,1
uthiradam 2 3 4 padham,pooradam,magaram,dhanush,#REF!,1
uthiradam 2 3 4 padham,uthiradam 1 padham,magaram,dhanush,#REF!,0
uthiradam 2 3 4 padham,uthiradam 2 3 4 padham,magaram,magaram,#REF!,0
uthiradam 2 3 4 padham,thiruvonam,magaram,magaram,#REF!,1
uthiradam 2 3 4 padham,avitam 1 2 padham,magaram,magaram,#REF!,0
uthiradam 2 3 4 padham,avitam 3 4 padam,magaram,kumbam,#REF!,0
uthiradam 2 3 4 padham,sathayam,magaram,kumbam,#REF!,1
uthiradam 2 3 4 padham,pooratadhi 1 2 3 padham,magaram,kumbam,#REF!,0
uthiradam 2 3 4 padham,pooratadhi 4 padham,magaram,meenam,#REF!,0
uthiradam 2 3 4 padham,uthiraithadhi,magaram,meenam,#REF!,0
uthiradam 2 3 4 padham,revathi,magaram,meenam,#REF!,0
thiruvonam,aswini,magaram,mesam,#REF!,0
thiruvonam,bharani,magaram,mesam,#REF!,0
thiruvonam,karthigai 1 padham,magaram,mesam,#REF!,0
thiruvonam,karthigai 2 3 4 padham,magaram,rishabam,#REF!,0
thiruvonam,rohini,magaram,rishabam,#REF!,0
thiruvonam,mirugasirisham 1 2 padham,magaram,rishabam,#REF!,1
thiruvonam,mirugasirisham 3 4 padham,magaram,mithunam,#REF!,1
thiruvonam,thiruvadhirai,magaram,mithunam,#REF!,0
thiruvonam,poonarpusham 1 2 3 padham,magaram,mithunam,#REF!,1
thiruvonam,poonarpusham 4 padham,magaram,kadagam,#REF!,1
thiruvonam,poosam,magaram,kadagam,#REF!,0
thiruvonam,ayilyam,magaram,kadagam,#REF!,1
thiruvonam,magam,magaram,simmam,#REF!,0
thiruvonam,pooram,magaram,simmam,#REF!,0
thiruvonam,uthiram 1 padham,magaram,simmam,#REF!,0
thiruvonam,uthiram 2 3 4 padham,magaram,kanni,#REF!,1
thiruvonam,astham,magaram,kanni,#REF!,0
thiruvonam,chithirai 1 2padham,magaram,kanni,#REF!,1
thiruvonam,chithirai 3 4 padham,magaram,thualam,#REF!,1
thiruvonam,swathi,magaram,thualam,#REF!,0
thiruvonam,visagam 1 2 3 padham,magaram,thualam,#REF!,1
thiruvonam,visagam 4 padham,magaram,viruchagam,#REF!,1
thiruvonam,anusam,magaram,viruchagam,#REF!,0
thiruvonam,kettai,magaram,viruchagam,#REF!,1
thiruvonam,moolam,magaram,dhanush,#REF!,1
thiruvonam,pooradam,magaram,dhanush,#REF!,1
thiruvonam,uthiradam 1 padham,magaram,dhanush,#REF!,1
thiruvonam,uthiradam 2 3 4 padham,magaram,magaram,#REF!,1
thiruvonam,thiruvonam,magaram,magaram,#REF!,0
thiruvonam,avitam 1 2 padham,magaram,magaram,#REF!,1
thiruvonam,avitam 3 4 padam,magaram,kumbam,#REF!,1
thiruvonam,sathayam,magaram,kumbam,#REF!,0
thiruvonam,pooratadhi 1 2 3 padham,magaram,kumbam,#REF!,1
thiruvonam,pooratadhi 4 padham,magaram,meenam,#REF!,1
thiruvonam,uthiraithadhi,magaram,meenam,#REF!,0
thiruvonam,revathi,magaram,meenam,#REF!,0
avitam 1 2 padham,aswini,magaram,mesam,#REF!,0
avitam 1 2 padham,bharani,magaram,mesam,#REF!,0
avitam 1 2 padham,karthigai 1 padham,magaram,mesam,#REF!,0
avitam 1 2 padham,karthigai 2 3 4 padham,magaram,rishabam,#REF!,0
avitam 1 2 padham,rohini,magaram,rishabam,#REF!,0
avitam 1 2 padham,mirugasirisham 1 2 padham,magaram,rishabam,#REF!,0
avitam 1 2 padham,mirugasirisham 3 4 padham,magaram,mithunam,#REF!,0
avitam 1 2 padham,thiruvadhirai,magaram,mithunam,#REF!,0
avitam 1 2 padham,poonarpusham 1 2 3 padham,magaram,mithunam,#REF!,0
avitam 1 2 padham,poonarpusham 4 padham,magaram,kadagam,#REF!,0
avitam 1 2 padham,poosam,magaram,kadagam,#REF!,1
avitam 1 2 padham,ayilyam,magaram,kadagam,#REF!,0
avitam 1 2 padham,magam,magaram,simmam,#REF!,0
avitam 1 2 padham,pooram,magaram,simmam,#REF!,0
avitam 1 2 padham,uthiram 1 padham,magaram,simmam,#REF!,0
avitam 1 2 padham,uthiram 2 3 4 padham,magaram,kanni,#REF!,1
avitam 1 2 padham,astham,magaram,kanni,#REF!,1
avitam 1 2 padham,chithirai 1 2padham,magaram,kanni,#REF!,0
avitam 1 2 padham,chithirai 3 4 padham,magaram,thualam,#REF!,0
avitam 1 2 padham,swathi,magaram,thualam,#REF!,1
avitam 1 2 padham,visagam 1 2 3 padham,magaram,thualam,#REF!,1
avitam 1 2 padham,visagam 4 padham,magaram,viruchagam,#REF!,1
avitam 1 2 padham,anusam,magaram,viruchagam,#REF!,1
avitam 1 2 padham,kettai,magaram,viruchagam,#REF!,0
avitam 1 2 padham,moolam,magaram,dhanush,#REF!,1
avitam 1 2 padham,pooradam,magaram,dhanush,#REF!,1
avitam 1 2 padham,uthiradam 1 padham,magaram,dhanush,#REF!,1
avitam 1 2 padham,uthiradam 2 3 4 padham,magaram,magaram,#REF!,1
avitam 1 2 padham,thiruvonam,magaram,magaram,#REF!,1
avitam 1 2 padham,avitam 1 2 padham,magaram,magaram,#REF!,0
avitam 1 2 padham,avitam 3 4 padam,magaram,kumbam,#REF!,0
avitam 1 2 padham,sathayam,magaram,kumbam,#REF!,1
avitam 1 2 padham,pooratadhi 1 2 3 padham,magaram,kumbam,#REF!,0
avitam 1 2 padham,pooratadhi 4 padham,magaram,meenam,#REF!,0
avitam 1 2 padham,uthiraithadhi,magaram,meenam,#REF!,0
avitam 1 2 padham,revathi,magaram,meenam,#REF!,0
avitam 3 4 padam,aswini,kumbam,mesam,#REF!,0
avitam 3 4 padam,bharani,kumbam,mesam,#REF!,0
avitam 3 4 padam,karthigai 1 padham,kumbam,mesam,#REF!,0
avitam 3 4 padam,karthigai 2 3 4 padham,kumbam,rishabam,#REF!,1
avitam 3 4 padam,rohini,kumbam,rishabam,#REF!,0
avitam 3 4 padam,mirugasirisham 1 2 padham,kumbam,rishabam,#REF!,0
avitam 3 4 padam,mirugasirisham 3 4 padham,kumbam,mithunam,#REF!,0
avitam 3 4 padam,thiruvadhirai,kumbam,mithunam,#REF!,0
avitam 3 4 padam,poonarpusham 1 2 3 padham,kumbam,mithunam,#REF!,0
avitam 3 4 padam,poonarpusham 4 padham,kumbam,kadagam,#REF!,0
avitam 3 4 padam,poosam,kumbam,kadagam,#REF!,0
avitam 3 4 padam,ayilyam,kumbam,kadagam,#REF!,0
avitam 3 4 padam,magam,kumbam,simmam,#REF!,1
avitam 3 4 padam,pooram,kumbam,simmam,#REF!,0
avitam 3 4 padam,uthiram 1 padham,kumbam,simmam,#REF!,0
avitam 3 4 padam,uthiram 2 3 4 padham,kumbam,kanni,#REF!,0
avitam 3 4 padam,astham,kumbam,kanni,#REF!,0
avitam 3 4 padam,chithirai 1 2padham,kumbam,kanni,#REF!,0
avitam 3 4 padam,chithirai 3 4 padham,kumbam,thualam,#REF!,0
avitam 3 4 padam,swathi,kumbam,thualam,#REF!,1
avitam 3 4 padam,visagam 1 2 3 padham,kumbam,thualam,#REF!,1
avitam 3 4 padam,visagam 4 padham,kumbam,viruchagam,#REF!,0
avitam 3 4 padam,anusam,kumbam,viruchagam,#REF!,1
avitam 3 4 padam,kettai,kumbam,viruchagam,#REF!,0
avitam 3 4 padam,moolam,kumbam,dhanush,#REF!,1
avitam 3 4 padam,pooradam,kumbam,dhanush,#REF!,0
avitam 3 4 padam,uthiradam 1 padham,kumbam,dhanush,#REF!,1
avitam 3 4 padam,uthiradam 2 3 4 padham,kumbam,magaram,#REF!,1
avitam 3 4 padam,thiruvonam,kumbam,magaram,#REF!,1
avitam 3 4 padam,avitam 1 2 padham,kumbam,magaram,#REF!,0
avitam 3 4 padam,avitam 3 4 padam,kumbam,kumbam,#REF!,0
avitam 3 4 padam,sathayam,kumbam,kumbam,#REF!,1
avitam 3 4 padam,pooratadhi 1 2 3 padham,kumbam,kumbam,#REF!,0
avitam 3 4 padam,pooratadhi 4 padham,kumbam,meenam,#REF!,0
avitam 3 4 padam,uthiraithadhi,kumbam,meenam,#REF!,1
avitam 3 4 padam,revathi,kumbam,meenam,#REF!,0
sathayam,aswini,kumbam,mesam,#REF!,0
sathayam,bharani,kumbam,mesam,#REF!,0
sathayam,karthigai 1 padham,kumbam,mesam,#REF!,0
sathayam,karthigai 2 3 4 padham,kumbam,rishabam,#REF!,0
sathayam,rohini,kumbam,rishabam,#REF!,0
sathayam,mirugasirisham 1 2 padham,kumbam,rishabam,#REF!,0
sathayam,mirugasirisham 3 4 padham,kumbam,mithunam,#REF!,0
sathayam,thiruvadhirai,kumbam,mithunam,#REF!,0
sathayam,poonarpusham 1 2 3 padham,kumbam,mithunam,#REF!,0
sathayam,poonarpusham 4 padham,kumbam,kadagam,#REF!,0
sathayam,poosam,kumbam,kadagam,#REF!,0
sathayam,ayilyam,kumbam,kadagam,#REF!,1
sathayam,magam,kumbam,simmam,#REF!,0
sathayam,pooram,kumbam,simmam,#REF!,0
sathayam,uthiram 1 padham,kumbam,simmam,#REF!,0
sathayam,uthiram 2 3 4 padham,kumbam,kanni,#REF!,0
sathayam,astham,kumbam,kanni,#REF!,0
sathayam,chithirai 1 2padham,kumbam,kanni,#REF!,1
sathayam,chithirai 3 4 padham,kumbam,thualam,#REF!,1
sathayam,swathi,kumbam,thualam,#REF!,0
sathayam,visagam 1 2 3 padham,kumbam,thualam,#REF!,1
sathayam,visagam 4 padham,kumbam,viruchagam,#REF!,1
sathayam,anusam,kumbam,viruchagam,#REF!,0
sathayam,kettai,kumbam,viruchagam,#REF!,1
sathayam,moolam,kumbam,dhanush,#REF!,1
sathayam,pooradam,kumbam,dhanush,#REF!,1
sathayam,uthiradam 1 padham,kumbam,dhanush,#REF!,1
sathayam,uthiradam 2 3 4 padham,kumbam,magaram,#REF!,1
sathayam,thiruvonam,kumbam,magaram,#REF!,0
sathayam,avitam 1 2 padham,kumbam,magaram,#REF!,1
sathayam,avitam 3 4 padam,kumbam,kumbam,#REF!,1
sathayam,sathayam,kumbam,kumbam,#REF!,0
sathayam,pooratadhi 1 2 3 padham,kumbam,kumbam,#REF!,0
sathayam,pooratadhi 4 padham,kumbam,meenam,#REF!,0
sathayam,uthiraithadhi,kumbam,meenam,#REF!,0
sathayam,revathi,kumbam,meenam,#REF!,1
pooratadhi 1 2 3 padham,aswini,kumbam,mesam,#REF!,0
pooratadhi 1 2 3 padham,bharani,kumbam,mesam,#REF!,0
pooratadhi 1 2 3 padham,karthigai 1 padham,kumbam,mesam,#REF!,0
pooratadhi 1 2 3 padham,karthigai 2 3 4 padham,kumbam,rishabam,#REF!,0
pooratadhi 1 2 3 padham,rohini,kumbam,rishabam,#REF!,0
pooratadhi 1 2 3 padham,mirugasirisham 1 2 padham,kumbam,rishabam,#REF!,1
pooratadhi 1 2 3 padham,mirugasirisham 3 4 padham,kumbam,mithunam,#REF!,1
pooratadhi 1 2 3 padham,thiruvadhirai,kumbam,mithunam,#REF!,1
pooratadhi 1 2 3 padham,poonarpusham 1 2 3 padham,kumbam,mithunam,#REF!,0
pooratadhi 1 2 3 padham,poonarpusham 4 padham,kumbam,kadagam,#REF!,0
pooratadhi 1 2 3 padham,poosam,kumbam,kadagam,#REF!,0
pooratadhi 1 2 3 padham,ayilyam,kumbam,kadagam,#REF!,0
pooratadhi 1 2 3 padham,magam,kumbam,simmam,#REF!,1
pooratadhi 1 2 3 padham,pooram,kumbam,simmam,#REF!,0
pooratadhi 1 2 3 padham,uthiram 1 padham,kumbam,simmam,#REF!,0
pooratadhi 1 2 3 padham,uthiram 2 3 4 padham,kumbam,kanni,#REF!,0
pooratadhi 1 2 3 padham,astham,kumbam,kanni,#REF!,1
pooratadhi 1 2 3 padham,chithirai 1 2padham,kumbam,kanni,#REF!,1
pooratadhi 1 2 3 padham,chithirai 3 4 padham,kumbam,thualam,#REF!,1
pooratadhi 1 2 3 padham,swathi,kumbam,thualam,#REF!,1
pooratadhi 1 2 3 padham,visagam 1 2 3 padham,kumbam,thualam,#REF!,0
pooratadhi 1 2 3 padham,visagam 4 padham,kumbam,viruchagam,#REF!,0
pooratadhi 1 2 3 padham,anusam,kumbam,viruchagam,#REF!,1
pooratadhi 1 2 3 padham,kettai,kumbam,viruchagam,#REF!,0
pooratadhi 1 2 3 padham,moolam,kumbam,dhanush,#REF!,1
pooratadhi 1 2 3 padham,pooradam,kumbam,dhanush,#REF!,1
pooratadhi 1 2 3 padham,uthiradam 1 padham,kumbam,dhanush,#REF!,0
pooratadhi 1 2 3 padham,uthiradam 2 3 4 padham,kumbam,magaram,#REF!,0
pooratadhi 1 2 3 padham,thiruvonam,kumbam,magaram,#REF!,1
pooratadhi 1 2 3 padham,avitam 1 2 padham,kumbam,magaram,#REF!,1
pooratadhi 1 2 3 padham,avitam 3 4 padam,kumbam,kumbam,#REF!,1
pooratadhi 1 2 3 padham,sathayam,kumbam,kumbam,#REF!,1
pooratadhi 1 2 3 padham,pooratadhi 1 2 3 padham,kumbam,kumbam,#REF!,0
pooratadhi 1 2 3 padham,pooratadhi 4 padham,kumbam,meenam,#REF!,0
pooratadhi 1 2 3 padham,uthiraithadhi,kumbam,meenam,#REF!,1
pooratadhi 1 2 3 padham,revathi,kumbam,meenam,#REF!,0
pooratadhi 4 padham,aswini,meenam,mesam,#REF!,1
pooratadhi 4 padham,bharani,meenam,mesam,#REF!,0
pooratadhi 4 padham,karthigai 1 padham,meenam,mesam,#REF!,0
pooratadhi 4 padham,karthigai 2 3 4 padham,meenam,rishabam,#REF!,0
pooratadhi 4 padham,rohini,meenam,rishabam,#REF!,0
pooratadhi 4 padham,mirugasirisham 1 2 padham,meenam,rishabam,#REF!,0
pooratadhi 4 padham,mirugasirisham 3 4 padham,meenam,mithunam,#REF!,0
pooratadhi 4 padham,thiruvadhirai,meenam,mithunam,#REF!,0
pooratadhi 4 padham,poonarpusham 1 2 3 padham,meenam,mithunam,#REF!,0
pooratadhi 4 padham,poonarpusham 4 padham,meenam,kadagam,#REF!,0
pooratadhi 4 padham,poosam,meenam,kadagam,#REF!,1
pooratadhi 4 padham,ayilyam,meenam,kadagam,#REF!,0
pooratadhi 4 padham,magam,meenam,simmam,#REF!,1
pooratadhi 4 padham,pooram,meenam,simmam,#REF!,0
pooratadhi 4 padham,uthiram 1 padham,meenam,simmam,#REF!,0
pooratadhi 4 padham,uthiram 2 3 4 padham,meenam,kanni,#REF!,0
pooratadhi 4 padham,astham,meenam,kanni,#REF!,1
pooratadhi 4 padham,chithirai 1 2padham,meenam,kanni,#REF!,1
pooratadhi 4 padham,chithirai 3 4 padham,meenam,thualam,#REF!,0
pooratadhi 4 padham,swathi,meenam,thualam,#REF!,0
pooratadhi 4 padham,visagam 1 2 3 padham,meenam,thualam,#REF!,0
pooratadhi 4 padham,visagam 4 padham,meenam,viruchagam,#REF!,0
pooratadhi 4 padham,anusam,meenam,viruchagam,#REF!,1
pooratadhi 4 padham,kettai,meenam,viruchagam,#REF!,1
pooratadhi 4 padham,moolam,meenam,dhanush,#REF!,1
pooratadhi 4 padham,pooradam,meenam,dhanush,#REF!,1
pooratadhi 4 padham,uthiradam 1 padham,meenam,dhanush,#REF!,0
pooratadhi 4 padham,uthiradam 2 3 4 padham,meenam,magaram,#REF!,0
pooratadhi 4 padham,thiruvonam,meenam,magaram,#REF!,1
pooratadhi 4 padham,avitam 1 2 padham,meenam,magaram,#REF!,1
pooratadhi 4 padham,avitam 3 4 padam,meenam,kumbam,#REF!,1
pooratadhi 4 padham,sathayam,meenam,kumbam,#REF!,1
pooratadhi 4 padham,pooratadhi 1 2 3 padham,meenam,kumbam,#REF!,0
pooratadhi 4 padham,pooratadhi 4 padham,meenam,meenam,#REF!,0
pooratadhi 4 padham,uthiraithadhi,meenam,meenam,#REF!,1
pooratadhi 4 padham,revathi,meenam,meenam,#REF!,0
uthiraithadhi,aswini,meenam,mesam,#REF!,0
uthiraithadhi,bharani,meenam,mesam,#REF!,0
uthiraithadhi,karthigai 1 padham,meenam,mesam,#REF!,0
uthiraithadhi,karthigai 2 3 4 padham,meenam,rishabam,#REF!,0
uthiraithadhi,rohini,meenam,rishabam,#REF!,0
uthiraithadhi,mirugasirisham 1 2 padham,meenam,rishabam,#REF!,0
uthiraithadhi,mirugasirisham 3 4 padham,meenam,mithunam,#REF!,0
uthiraithadhi,thiruvadhirai,meenam,mithunam,#REF!,0
uthiraithadhi,poonarpusham 1 2 3 padham,meenam,mithunam,#REF!,0
uthiraithadhi,poonarpusham 4 padham,meenam,kadagam,#REF!,1
uthiraithadhi,poosam,meenam,kadagam,#REF!,0
uthiraithadhi,ayilyam,meenam,kadagam,#REF!,1
uthiraithadhi,magam,meenam,simmam,#REF!,0
uthiraithadhi,pooram,meenam,simmam,#REF!,0
uthiraithadhi,uthiram 1 padham,meenam,simmam,#REF!,0
uthiraithadhi,uthiram 2 3 4 padham,meenam,kanni,#REF!,0
uthiraithadhi,astham,meenam,kanni,#REF!,1
uthiraithadhi,chithirai 1 2padham,meenam,kanni,#REF!,0
uthiraithadhi,chithirai 3 4 padham,meenam,thualam,#REF!,0
uthiraithadhi,swathi,meenam,thualam,#REF!,0
uthiraithadhi,visagam 1 2 3 padham,meenam,thualam,#REF!,0
uthiraithadhi,visagam 4 padham,meenam,viruchagam,#REF!,1
uthiraithadhi,anusam,meenam,viruchagam,#REF!,0
uthiraithadhi,kettai,meenam,viruchagam,#REF!,1
uthiraithadhi,moolam,meenam,dhanush,#REF!,1
uthiraithadhi,pooradam,meenam,dhanush,#REF!,0
uthiraithadhi,uthiradam 1 padham,meenam,dhanush,#REF!,1
uthiraithadhi,uthiradam 2 3 4 padham,meenam,magaram,#REF!,1
uthiraithadhi,thiruvonam,meenam,magaram,#REF!,1
uthiraithadhi,avitam 1 2 padham,meenam,magaram,#REF!,1
uthiraithadhi,avitam 3 4 padam,meenam,kumbam,#REF!,1
uthiraithadhi,sathayam,meenam,kumbam,#REF!,1
uthiraithadhi,pooratadhi 1 2 3 padham,meenam,kumbam,#REF!,1
uthiraithadhi,pooratadhi 4 padham,meenam,meenam,#REF!,1
uthiraithadhi,uthiraithadhi,meenam,meenam,#REF!,0
uthiraithadhi,revathi,meenam,meenam,#REF!,1
revathi,aswini,meenam,mesam,#REF!,0
revathi,bharani,meenam,mesam,#REF!,0
revathi,karthigai 1 padham,meenam,mesam,#REF!,1
revathi,karthigai 2 3 4 padham,meenam,rishabam,#REF!,0
revathi,rohini,meenam,rishabam,#REF!,0
revathi,mirugasirisham 1 2 padham,meenam,rishabam,#REF!,0
revathi,mirugasirisham 3 4 padham,meenam,mithunam,#REF!,0
revathi,thiruvadhirai,meenam,mithunam,#REF!,0
revathi,poonarpusham 1 2 3 padham,meenam,mithunam,#REF!,0
revathi,poonarpusham 4 padham,meenam,kadagam,#REF!,1
revathi,poosam,meenam,kadagam,#REF!,1
revathi,ayilyam,meenam,kadagam,#REF!,0
revathi,magam,meenam,simmam,#REF!,0
revathi,pooram,meenam,simmam,#REF!,0
revathi,uthiram 1 padham,meenam,simmam,8,1
revathi,uthiram 2 3 4 padham,meenam,kanni,8,1
revathi,astham,meenam,kanni,6,0
revathi,chithirai 1 2padham,meenam,kanni,7,1
revathi,chithirai 3 4 padham,meenam,thualam,6,0
revathi,swathi,meenam,thualam,6,0
revathi,visagam 1 2 3 padham,meenam,thualam,6,0
revathi,visagam 4 padham,meenam,viruchagam,8,1
revathi,anusam,meenam,viruchagam,8,1
revathi,kettai,meenam,viruchagam,0,0
revathi,moolam,meenam,dhanush,0,0
revathi,pooradam,meenam,dhanush,7,1
revathi,uthiradam 1 padham,meenam,dhanush,9,1
revathi,uthiradam 2 3 4 padham,meenam,magaram,10,1
revathi,thiruvonam,meenam,magaram,8,1
revathi,avitam 1 2 padham,meenam,magaram,8,1
revathi,avitam 3 4 padam,meenam,kumbam,7,1
revathi,sathayam,meenam,kumbam,8,1
revathi,pooratadhi 1 2 3 padham,meenam,kumbam,7,1
revathi,pooratadhi 4 padham,meenam,meenam,7,1
revathi,uthiraithadhi,meenam,meenam,8,1
revathi,revathi,meenam,meenam,0,0
